Cliente,n. ordine interno,codarticolo,descrizione,quantit√†,data di consegna,Mc No.,data fermata prevista,data inserimento produzione,n. levate,nr fusi effettivi,fine produzione,kg prodotti,evaso
MICHELE LETIZIA,105,X22-7806S+ZN,"Ly 78/44f72 Z tpm 900 st. 4,0 (EA)","550,0",20/03/2023,60,,16/03/2023,4,,01/04/2023,"609,9638",Vero
RADICI,71,2275S+ZN-N00,"Cr22/44f34 S+Z tpm 600 st. 3,2 (DC)","2.200,0",15/05/2023,,,,,,,,Vero
,,,,,,71,06/11/2024,08/03/2023,13,,13/05/2023,"3.053,1394",
RADICI,72,2275S+ZN-B10A,"Cr22/44f34 S+Z tpm 600 st. 3,2 (DC)","8.500,0",30/06/2023,55,27/09/2024,15/03/2023,21,,29/06/2023,"4.931,9944",Vero
,,,,,,52,01/10/2024,04/03/2023,20,,13/06/2023,"4.697,1375",
RADICI,73,2276S+ZN,"Cr22/44f30 S+Z tpm 650 st. 3,2 (DC)","2.000,0",15/05/2023,46,,01/03/2023,14,,23/05/2023,"3.138,9120",Vero
,,,,,,60,,14/06/2023,5,,13/07/2023,"1.156,0725",
TAT TESSITURA AUTOMATICA TAVERNERIO,114,4406ZN,"Ly44/78f34 Z tpm 600 st. 3,5 (DF)","230,0",,60,,11/03/2023,1,,15/03/2023,"256,8844",Vero
FGP,120,31003DN220274,"Ly310/78f68 dc tpm 1200 st. 3,8","1.000,0",05/07/2023,37,01/10/2024,18/04/2023,7,,16/05/2023,"1.552,8800",Vero
CALZIFICIO ARGOPI,121,X17-20099ZN,"Ly200/33f20 Z tpm 900 st. 4,2 (EC)","100,0",13/06/2023,23,,14/03/2023,1,,18/03/2023,"247,9500",Vero
SINERGY GROUP,122,10996SN,"Cr44/22f7 S tpm 650 st. 3,5 (DF)","750,0",15/06/2023,72,21/11/2024,17/04/2023,6,,11/05/2023,"887,5969",Vero
TRERE' INNOVATION,132,20098DN,"Ly200/44f13x2 DC tpm 1000 st. 4,2 (EC)","25,0",,,,,,,,,Vero
TRERE' INNOVATION,133,X20-20015DN,"Ly200/78f18  dc tpm 1000 st. 4,2 (EC)","55,0",,,,,,,,,Vero
FRITSCHE,136,S14-60003V2DN 23h,"Mu600/70/1 Nomex DC tpm 1100 st. 4,4 (EE)","1.500,0",11/04/2023,37,01/10/2024,03/05/2023,12,,16/05/2023,"756,2400",Vero
CALZIFICIO POLAR,119,1726S+ZN,"Ly17/40f40 S+Z tpm 600 st. 3,2 (DC)","600,0",25/04/2023,54,,25/03/2023,10,,03/06/2023,"2.576,4998",Vero
CALZIFICIO ATHENA,152,X22-7810S-ZN354 4 ci,"Ly 78/50f42 s+Z tpm 1100 st. 3,5 (EC)","220,0",,45,,17/04/2023,2,,24/04/2023,"240,700",Vero
MARYGOLD,164,4423DN,"Ly44/8f5 DC tpm 2800 st. 3,8 (DI)","700,0",,36,15/11/2024,18/05/2023,3,,17/07/2023,"258,6600",Vero
,,,,,,12,10/10/2024,19/04/2023,3,,18/06/2023,"452,6550",
,,,,,,67,11/11/2024,06/04/2023,3,,05/06/2023,"266,7431",
CALZIFICIO ATHENA,165,4463S+ZN1,"Cr44/44f34 colorwise S+Z tpm 650 st. 3,2 (DC)","420,0",11/05/2023,70,05/12/2024,17/04/2023,2,,27/04/2023,"440,2200",Vero
GIZETA,167,7036ZN,"Ly78/44F34 Z tpm 900 st. 4,2 (EC)","550,0",,18,06/10/2024,17/04/2023,4,,15/05/2023,"980,4200",Vero
CALZE OLONA,169,4449S+ZN,"Cr 44/22f7 S+Z tpm 1550 st. 3,1 (DB)","130,0",01/05/2023,17,31/12/2024,26/04/2023,2,,10/05/2023,"279,9390",Vero
SANYLEG,171,X21-15696V8DN,"Ly 156/13f5 dc tpm 2000 stiro 3,7 (DH)","230,0",05/06/2023,67,11/11/2024,19/05/2023,4,,30/07/2023,"937,9013",Vero
DIAMANT,170,39502DN-14446,"Ly395/167f96 dc tpm 800 st. 4,15 (EBF)","30,0",,38,,19/05/2023,1,,20/05/2023,"206,8300",Vero
SANYLEG,172,X21-20099DN2,"Ly200/22f10 DC tpm 1500 st. 4,6 (EG)","200,0",05/06/2023,42,,05/06/2023,,,,,Vero
SANYLEG,173,X22-7801DN,"Ly 78/13f5 dc tpm 2100 stiro 3,2 (DC)","180,0",05/06/2023,64,12/10/2024,02/05/2023,2,,04/06/2023,"548,7300",Vero
DIAMANT,174,23504DN-Q5143,"Ly 235/167f48 dc tpm 780 st. 3,95 (DLF)","180,0",,,,,,,,,Vero
DIAMANT,175,94003DN-2000,"Cr940/167f48 bianco tpm 800 dc st.  3,3 (DD)","3,0",,,,,,,,,Vero
DIAMANT,176,23504DN-Q7300,"Ly 235/167f48 dc tpm 780 st. 3,95 (DLF)","5,0",,39,09/10/2024,04/07/2023,1,,06/07/2023,"245,5200",Vero
DIAMANT,177,94003DN-Q7300,"Cr940/167f48 alabaster tpm 800 dc st.  3,3 (DD)","3,0",,,,,,,,,Vero
SANYLEG,168,62002DN2,"Cr620/78f18  dc tpm 800 st. 4,8","1,0",08/05/2023,,,,,,,,Vero
CALZIFICIO LUISA,151,2246ZN 13500,"Cr22/60f60 Z tpm 500 st. 3,2 (DC)","6,0",,,,,,,,,Vero
DIAMANT,180,23504DN-Q5143,"Ly 235/167f48 dc tpm 780 st. 3,95 (DLF)","210,0",07/06/2023,38,,02/05/2023,2,,06/05/2023,"491,0400",Vero
DIAMANT,181,94003DN-Q5143,"Cr940/167f48 hyper turq tpm 800 dc st.  3,3 (DD)","5,0",07/06/2023,C1,,14/06/2023,1,,14/06/2023,"10,2253",Vero
T & T,183,X21-20098DN-VARI COL,"Ro200/44f13 DC tpm 1150 st. 4,2 (EC)","80,0",,,,,,,,,Vero
SCORTA,184,1725DN,"Cr17/78f46 dc tpm 900 2,6 (CG)","500,0",01/06/2023,38,,20/05/2023,2,,30/05/2023,"416,5200",Vero
CALZE OLONA,185,7010ZF,"Ly78/22f7 Z tpm 900 st. 4,2 (EC)","300,0",15/05/2023,45,,12/05/2023,2,,22/05/2023,"311,5200",Vero
FF,186,4461SF,"Cr44/110f24 S tpm 600 st. 3,2 (DC)","200,0",,60,,09/05/2023,1,,11/05/2023,"222,2550",Vero
DIAMANT,188,23503DN-5000,"Ly235/167f36 dc tpm 780 st. 4,15 (EBF)","540,0",,38,,15/06/2023,3,,20/06/2023,"653,0580",Vero
DIAMANT,189,94003DN-5000,"Cr940/167f48 nero tpm 800 dc st.  3,3 (DD)","15,0",,C1,,14/06/2023,1,,14/06/2023,"10,2253",Vero
ATHENA,190,4463S+ZN1,"Cr44/44f34 colorwise S+Z tpm 650 st. 3,2 (DC)","420,0",05/06/2023,70,05/12/2024,06/06/2023,4,,26/06/2023,"880,4400",Vero
FGP,191,31003DN220274,"Ly310/78f68 dc tpm 1200 st. 3,8","1.300,0",,69,18/10/2024,18/05/2023,,,,,Vero
CALZIFICIO ARGOPI,195,2278ZN1,"Ly22/78f68 Z tpm 600 st. 3,2 (DC)","200,0",15/05/2023,72,21/11/2024,31/05/2023,2,,06/06/2023,"473,7150",Vero
MAXIS,197,1731DN,"K17/22f20 DC tpm 1600 st. 2,8 (CI)","200,0",20/06/2023,69,18/10/2024,07/05/2023,6,,29/06/2023,"609,9792",Vero
DIAMANT,198,23504DN-Q7299,"Ly 235/167f48 dc tpm 780 st. 3,95 (DLF)","15,0",23/06/2023,39,09/10/2024,19/07/2023,1,,21/07/2023,"245,5200",Vero
DIAMANT,199,94003DN-Q7299,"Cr940/167f48 citron tint tpm 800 dc st.  3,3 (DD)","3,0",23/06/2023,C2,,18/07/2023,1,,18/07/2023,"13,6338",Vero
MARYGOLD,210,2268S+ZN,"K22/22f20 S+Z tpm 2300 st. 2,8 (CI)","16,0",10/06/2023,C3,,03/06/2023,1,,19/06/2023,"1,9147",Vero
ALLERGO SYSTEM,208,4462ZN2,"Cr44/78f68 nero Z tpm 1000 st. 3,2 (DC)","43,0",,,,,,,,,Vero
FGP,218,X22-31002V7DN_1,"Cr310/78f68 dc tpm 1200 st. 2,7(CH)","300,0",04/09/2023,38,,01/07/2023,7,,24/08/2023,"3.490,4800",Vero
ATHENA,190,4463S+ZN1,"Cr44/44f34 colorwise S+Z tpm 650 st. 3,2 (DC)","1.350,0",31/08/2023,70,05/12/2024,26/06/2023,5,,21/07/2023,"1.100,5500",Vero
DIAMANT,214,94003DN-Q7299,"Cr940/167f48 citron tint tpm 800 dc st.  3,3 (DD)","3,0",,C2,,27/07/2023,1,,27/07/2023,"13,6338",Vero
DIAMANT,215,23504DN-5000,"Ly 235/167f48 dc tpm 780 st. 3,95 (DLF)","65,0",,39,09/10/2024,18/07/2023,1,,20/07/2023,"245,5200",Vero
DIAMANT,216,23504DN-Q7299,"Ly 235/167f48 dc tpm 780 st. 3,95 (DLF)","60,0",,39,09/10/2024,27/07/2023,1,,29/07/2023,"245,5200",Vero
DIAMANT,159,23504DN-5000,"Ly 235/167f48 dc tpm 780 st. 3,95 (DLF)","110,0",,,,,,,,,Vero
CALZIFICIO CREMONA,50,X21-2291SF,"K22/44f48 Z tpm 600 st. 2,9 (CL)","240,0",,,,,,,,,Vero
TRERE' INNOVATION,219,20098DN-VARI COL,"Ly200/44f13x2 DC tpm 1000 st. 4,2 (EC)","60,0",,38,,21/06/2023,1,,23/06/2023,"78,6600",Vero
FALKE,221,X20-2219ZF1 11gg,"K22/11f7 recy 50 S+Z  tpm 1900 st. 2,8 (CI)","40,0",,,,,,,,,Vero
MICHELE LETIZIA,222,X22-7806S+ZN,"Ly 78/44f72 Z tpm 900 st. 4,0 (EA)","706,0",07/06/2023,45,,08/06/2023,5,,28/06/2023,"739,3500",Vero
FALKE,220,X21-2273ZF2 11 gg,"K22/11f7 recy 50 S+Z  tpm 1900 st. 2,8 (CI)","40,0",,14,,24/06/2023,1,,04/07/2023,"86,0200",Vero
CALZIFICIO TREVER,207,4459DN 20700,"K44/8f5 dc tpm 2000 st. 2,9 (CL)","1.000,0",03/07/2023,68,,05/06/2023,3,,07/08/2023,"436,5900",Vero
DIAMANT,200,39502DN-61,"Ly395/167f96 dc tpm 800 st. 4,15 (EBF)","30,0",06/06/2023,37,01/10/2024,04/06/2023,1,,05/06/2023,"206,8300",Vero
DIAMANT,201,23504DN-Q7175,"Ly 235/167f48 dc tpm 780 st. 3,95 (DLF)","3,0",,C2,,07/06/2023,1,,09/06/2023,"30,6900",Vero
DIAMANT,202,94003DN-Q7175,"Cr940/167f48 pink foam tpm 800 dc st.  3,3 (DD)","4,0",,C3,,07/06/2023,1,,07/06/2023,"13,6338",Vero
MARYGOLD,203,2223DN,"Cr22/8f5 dc tpm 2000 st. 3,2 (DC)","170,0",,1,,30/05/2023,1,,18/06/2023,"125,1338",Vero
DIAMANT,204,23504DN-Q5143,"Ly 235/167f48 dc tpm 780 st. 3,95 (DLF)","280,0",,39,09/10/2024,30/06/2023,2,,04/07/2023,"491,0400",Vero
DIAMANT,205,94003DN-Q5143,"Cr940/167f48 hyper turq tpm 800 dc st.  3,3 (DD)","8,0",,C1,,30/06/2023,1,,30/06/2023,"10,2253",Vero
DIAMANT,206,23504DN-Q7299,"Ly 235/167f48 dc tpm 780 st. 3,95 (DLF)","12,0",,39,09/10/2024,19/07/2023,1,,21/07/2023,"245,5200",Vero
RADICI,209,X22-2209ZN,"Cr22/78f68 Z tpm 600 st. 3,2 (DC)","220,0",,58,05/12/2024,12/06/2023,1,,15/06/2023,"219,8109",Vero
TUBLA D.O.O.,211,28503ZN,"Ly285/78f68 Z tpm 726 st. 4,6 (EG)","1.100,0",,43,29/09/2024,07/06/2023,4,,19/06/2023,"1.146,2400",Vero
MAGLIFICIO FASIROTEX,212,X23-39598DN,"Ly 395/78f18x2 dc tpm 1000 st. 3,6 (DG)","10,0",,,,,,,,,Vero
ALPIN CORAP,213,23505DN1,"Ly235/78f24x2 dc tpm 780 st. 4,15 (EBF)","5,0",,,,,,,,,Vero
T.A.T SRL,223,S16-60015V2DN2,"Mu600/100/1 aramidico DC tpm 1250 st. 4,5 (EF)","145,0",,39,09/10/2024,01/07/2023,2,,05/07/2023,"216,4800",Vero
TRERE' INNOVATION,162,20098DN,"Ly200/44f13x2 DC tpm 1000 st. 4,2 (EC)","30,0",,,,,,,,,Vero
DIAMANT,200,39502DN-61,"Ly395/167f96 dc tpm 800 st. 4,15 (EBF)","30,0",,,,,,,,,Vero
MARYGOLD,194,2273S+Z,"KL22/16f10 S+Z tpm 1400 st. 2,75 (CHF)","260,0",,17,31/12/2024,26/05/2023,2,,13/06/2023,"246,8132",Vero
ALLERGO SYSTEM,208,4462ZN2,"Cr44/78f68 nero Z tpm 1000 st. 3,2 (DC)","45,0",,,,,,,,,Vero
CALZIFICIO ARGOPI,224,X17-20099ZN,"Ly200/33f20 Z tpm 900 st. 4,2 (EC)","100,0",,,,,,,,,Vero
SCORTA,225,31002DN1,"Cr310/22f7 DC tpm 1200 st. 3,8  (DI)","1.120,0",,23,,20/06/2023,10,,20/07/2023,"1.120,00",Vero
SCORTA,226,33001DN2,"Ly330/22f10 dc tpm 1500 st. 5,2 (FC)","440,0",,24,22/10/2024,26/06/2023,4,,12/07/2023,"465,00",Vero
DIAMANT,227,94003DN-Q7299,"Cr940/167f48 citron tint tpm 800 dc st.  3,3 (DD)","5,0",,C2,,31/07/2023,,,,,Vero
CALZIFICIO TREVER,107,4464S+ZN,"K44/13f10 S+Z tpm 1800 st. 2,8 (CI)","1.800,0",,20,,11/03/2023,8,,31/05/2023,"1.034,6400",Vero
,,,,,,24,22/10/2024,04/03/2023,8,,24/05/2023,"1.034,6400",
OLIMPIAS GROUP SRL,228,2274ZN,"Cr22/78f24 Z tpm 600 st. 3,4 (DE)","1.050,0",30/06/2023,25,15/10/2024,21/06/2023,6,,09/07/2023,"1.207,6800",Vero
DIAMANT,180,23504DN-Q5143,"Ly 235/167f48 dc tpm 780 st. 3,95 (DLF)","210,0",,,,,,,,,Vero
DIAMANT,201,23504DN-Q7175,"Ly 235/167f48 dc tpm 780 st. 3,95 (DLF)","3,0",,,,,,,,,Vero
FEIN ELAST GRABHER,230,11007SF 2 cicli,"Ro15/11f7 S tpm 2180 st. 2,75 (CHF)","170,0",16/08/2023,44,11/10/2024,28/06/2023,2,,17/08/2023,"274,8500",Vero
CALZIFICIO CREMONA,231,X21-2291SF,"K22/44f48 Z tpm 600 st. 2,9 (CL)","120,0",31/08/2023,51,25/11/2024,03/07/2023,1,,05/07/2023,"117,5625",Vero
SANYLEG,91,62001DN,"Ro620/44f34 dc tpm 800 st. 5,2 (FC)","210,0",03/04/2023,38,,11/06/2023,1,,14/06/2023,"238,4800",Vero
DIAMANT,232,39502DN-14822,"Ly395/167f96 dc tpm 800 st. 4,15 (EBF)","15,0",,C3,,01/07/2023,1,,02/07/2023,"25,8538",Vero
W.ZIMMERMANN,233,X18-4406V2SN,"Ro44/16f10 S tpm 1250 st. 2,9 (CL)","84,0",,59,05/10/2024,26/06/2023,1,,04/07/2023,"159,3281",Vero
DIAMANT,234,94003DN-Q7299,"Cr940/167f48 citron tint tpm 800 dc st.  3,3 (DD)","5,0",,C2,,27/07/2023,1,,27/07/2023,"13,6338",Vero
DIAMANT,235,23504DN-Q7299,"Ly 235/167f48 dc tpm 780 st. 3,95 (DLF)","200,0",,39,09/10/2024,27/07/2023,1,,29/07/2023,"245,5200",Vero
MARYGOLD,236,2268S+ZN,"K22/22f20 S+Z tpm 2300 st. 2,8 (CI)","12,0",,C3,,28/06/2023,1,,14/07/2023,"1,9147",Vero
DIAMANT,237,23504DN-Q7299,"Ly 235/167f48 dc tpm 780 st. 3,95 (DLF)","540,0",,39,09/10/2024,29/07/2023,2,,02/08/2023,"491,0400",Vero
DIAMANT,238,94003DN-Q7299,"Cr940/167f48 citron tint tpm 800 dc st.  3,3 (DD)","15,0",,C1,,27/07/2023,1,,27/07/2023,"10,2253",Vero
FRITSCHE,241,S21-60082DNB,"Muriel 600/70/1 Nomex dc 1100 st. 4,4 (EE)","90,0",,37,01/10/2024,26/06/2023,2,,30/06/2023,"253,00",Vero
FROHN GMBH,239,S14-60005V2DN,"Muriel 600/90/1 Nomex dc 1200 st. 4,5 (EF)","39,0",,37,01/10/2024,05/07/2023,2,,07/07/2023,"116,1600",Vero
SCORTA,240,4412S+ZN,"Ly 44/13f7 S+Z tpm 1700 st. 3,8 (DI)","300,0",,17,31/12/2024,23/06/2023,2,,18/07/2023,"295,200",Vero
FALKE,50,X21-2291SF,"K22/44f48 Z tpm 600 st. 2,9 (CL)","60,0",,,,,,,,,Vero
SANYLEG,242,62001DN1,"Ro620/44f34 dc tpm 800 st. 5,2 (FC)","210,0",11/09/2023,42,,05/07/2023,2,,12/07/2023,"476,9600",Vero
TRERE' INNOVATION,243,20098DN,"Ly200/44f13x2 DC tpm 1000 st. 4,2 (EC)","75,0",15/07/2023,39,09/10/2024,10/07/2023,1,,12/07/2023,"78,6600",Vero
PIEFFE SPORT,244,S18-200014DN,"Mu2000/62f18 DC tpm 700 st. 3,6 (DG)","5,0",,38,,10/07/2023,1,,11/07/2023,"131,1200",Vero
SCORTA,245,4402DN,"Ly 44/11f7 DC tpm 1900 st. 3,5 (DF)","200,0",,36,15/11/2024,06/07/2023,2,,03/08/2023,"208,9400",Vero
SCORTA,246,4415ZF,Ly 44/44f13 Z tpm 900 st. 4 (EA),"200,0",,45,,07/07/2023,2,,15/07/2023,"289,5360",Vero
ALLERGO SYSTEM,248,4462ZN2,"Cr44/78f68 nero Z tpm 1000 st. 3,2 (DC)","85,0",,72,21/11/2024,07/07/2023,1,,10/07/2023,"144,7772",Vero
AMBROFIBRE,247,X21-4480S+ZN,"Cr 44/22f7 S+Z tpm 1550 st. 3,2 (DC)","160,0",04/07/2023,54,,10/07/2023,1,,18/07/2023,"140,5800",Vero
MANIFATTURA ITALIA CUCIRINI,249,X22-2211ZF1,"Ro 22/78f24 Z tpm 450 st. 3,2 (DC)","750,0",,14,,12/07/2023,4,,21/07/2023,"801,3600",Vero
CSP PARIS,250,4466ZN1,"Ly44/22f7 Z tpm 1900 stiro 3,6 (DG)","320,0",05/09/2023,24,22/10/2024,11/07/2023,3,,09/08/2023,"388,8390",Vero
CSP INTERNATIONAL,251,4412S+ZN,"Ly 44/13f7 S+Z tpm 1700 st. 3,8 (DI)","600,0",05/08/2023,24,22/10/2024,10/07/2023,2,,04/08/2023,"295,200",Vero
,,,,,,20,,06/07/2023,2,,31/07/2023,"295,200",
SCORTA,252,4466S+ZN,"Ly44/22f7 S+Z tpm 1900 stiro 3,6 (DG)","14,0",,59,05/10/2024,07/09/2023,4,,16/10/2023,"534,6536",Vero
SANYLEG,253,2274ZN2015,"Cr22/78f24 Z tpm 600 st. 3,4 (DE)","100,0",,25,15/10/2024,11/07/2023,1,,14/07/2023,"201,2800",Vero
MANIFATTURA ITALIA CUCIRINI,229,X23-2299V3ZF,"Ro 22/78f24 Z tpm 450 st. 3,5 (DF)","24,0",,,,,,,,,Vero
DIAMANT,204,23504DN-Q5143,"Ly 235/167f48 dc tpm 780 st. 3,95 (DLF)","280,0",,,,,,,,,Vero
DIAMANT,205,94003DN-Q5143,"Cr940/167f48 hyper turq tpm 800 dc st.  3,3 (DD)","8,0",,,,,,,,,Vero
T.A.T SRL,254,S16-60015V2DN2,"Mu600/100/1 aramidico DC tpm 1250 st. 4,5 (EF)","100,0",,37,01/10/2024,13/07/2023,1,,15/07/2023,"108,2400",Vero
DIAMANT,255,23504DN-Q7299,"Ly 235/167f48 dc tpm 780 st. 3,95 (DLF)","205,0",,39,09/10/2024,08/09/2023,1,,10/09/2023,"245,5200",Vero
DIAMANT,256,94003DN-Q7299,"Cr940/167f48 citron tint tpm 800 dc st.  3,3 (DD)","6,0",,C2,,08/09/2023,1,,08/09/2023,"13,6338",Vero
DIAMANT,257,94003DN-5000,"Cr940/167f48 nero tpm 800 dc st.  3,3 (DD)","6,0",,C2,,08/09/2023,1,,08/09/2023,"13,6338",Vero
DIAMANT,258,23504DN-5000,"Ly 235/167f48 dc tpm 780 st. 3,95 (DLF)","210,0",,39,09/10/2024,10/09/2023,1,,12/09/2023,"245,5200",Vero
MICHELE LETIZIA,259,X22-7806S+ZN,"Ly 78/44f72 Z tpm 900 st. 4,0 (EA)","214,0",,,,,,,,,Vero
FALKE,260,749DN,"Ly20/8f5 dc tpm 3000 st. 2,8 (CI)","720,0",,64,12/10/2024,19/07/2023,2,,24/08/2023,"211,1900",Vero
,,,,,,12,10/10/2024,14/07/2023,4,,24/09/2023,"422,3800",
,,,,,,62,,18/07/2023,3,,10/09/2023,"316,7850",
FRITSCHE,261,S14-60003V2DN 23h,"Mu600/70/1 Nomex DC tpm 1100 st. 4,4 (EE)","500,0",,38,,08/09/2023,3,,11/09/2023,"189,0600",Vero
UTEXBEL,262,S21-60083V3DN1,"Mu600/120/1 Aramidico dc 1400 st. 4,5 (EF)","1.100,0",,37,01/10/2024,31/07/2023,9,,10/08/2023,"408,2400",Vero
SANYLEG,263,62001DN1,"Ro620/44f34 dc tpm 800 st. 5,2 (FC)","230,0",18/09/2023,42,,19/07/2023,2,,26/07/2023,"476,9600",Vero
SCORTA,264,31002DN1,"Cr310/22f7 DC tpm 1200 st. 3,8  (DI)","1.120,0",,23,,09/09/2023,10,,09/10/2023,"1.120,00",Vero
CALZIFICIO CREMONA,265,X21-2291SF,"K22/44f48 Z tpm 600 st. 2,9 (CL)","120,0",,,,,,,,,Vero
W.ZIMMERMANN,267,X18-4406V2SN,"Ro44/16f10 S tpm 1250 st. 2,9 (CL)","316,80",14/09/2023,72,21/11/2024,26/07/2023,2,,12/08/2023,"318,6563",Vero
MARYGOLD,236,2268S+ZN,"K22/22f20 S+Z tpm 2300 st. 2,8 (CI)","14,60",,,,,,,,,Vero
FUJIAN HUAFENG NEW MATERIAL,266,S21-500011DN,"Muriel 5000/62f18 dc tpm 1100 st. 2,0 (CA)","4,0",,C2,,15/09/2023,1,,15/09/2023,"17,7125",Vero
SCORTA,268,4457ZN2,"Cr44/44f34 Z tpm 900 st. 3,6 (DG)","180,0",,25,15/10/2024,28/08/2023,1,,04/09/2023,"180,400",Vero
FGP,270,X22-31002V7DN_1,"Cr310/78f68 dc tpm 1200 st. 2,7(CH)","200,0",,38,,15/09/2023,2,,30/09/2023,"997,2800",Vero
SCORTA,269,S18-160040DN,"Mu1600/62f18 solvron dc tpm 700 st. 3,6 (DG)","2,0",24/07/2023,C2,,24/07/2023,1,,24/07/2023,"4,6125",Vero
MICHELE LETIZIA,271,X22-7806S+ZN,"Ly 78/44f72 Z tpm 900 st. 4,0 (EA)","374,60",,71,06/11/2024,28/08/2023,3,,09/09/2023,"457,4728",Vero
DIAMANT,273,94003DN-5000,"Cr940/167f48 nero tpm 800 dc st.  3,3 (DD)","10,0",,C2,,15/09/2023,1,,15/09/2023,"13,6338",Vero
DIAMANT,274,23504DN-5000,"Ly 235/167f48 dc tpm 780 st. 3,95 (DLF)","190,0",,39,09/10/2024,22/09/2023,1,,24/09/2023,"245,5200",Vero
DIAMANT,275,23504DN-Q7299,"Ly 235/167f48 dc tpm 780 st. 3,95 (DLF)","430,0",,39,09/10/2024,18/09/2023,2,,22/09/2023,"491,0400",Vero
DIAMANT,276,94003DN-Q7299,"Cr940/167f48 citron tint tpm 800 dc st.  3,3 (DD)","15,0",,C2,,15/09/2023,1,,15/09/2023,"13,6338",Vero
FEIN ELAST GRABHER,277,10985ZF,"Ly44/78f68 Z tpm 1000 st. 3,3 (DD)","800,0",,C3,,14/09/2023,2,,24/09/2023,"60,4750",Vero
,,,,,,13,,12/09/2023,3,,27/09/2023,"725,700",
GUSTAV GERSTER,278,S22-120027DN2,"Mu 1200/167f36 dc tpm 600 st. 4,5 (EF)","12,0",,,,,,,,,Vero
GUSTAV GERSTER,279,S22-120027V2DN2,"Mu 1200/167f36 dc tpm 800 st. 4,5 (EF)","5,0",,,,,,,,,Vero
DIAMANT,281,23504DN-Q7299,"Ly 235/167f48 dc tpm 780 st. 3,95 (DLF)","90,0",,39,09/10/2024,24/09/2023,1,,26/09/2023,"245,5200",Vero
DIAMANT,282,94003DN-Q7299,"Cr940/167f48 citron tint tpm 800 dc st.  3,3 (DD)","3,0",,C2,,15/09/2023,1,,15/09/2023,"13,6338",Vero
FALKE,283,X22-2005V2ZN vari co,"Ly 20/22f7x2 Z tpm 900 st. 2,9 (CL)","120,0",,52,01/10/2024,26/09/2023,1,,29/09/2023,"106,7344",Vero
CALZIFICIO BELLAFONTE,284,X23-2288S+ZN 8 giorn,"K22/22f10 innergy S+Z tpm 1400 st. 2,75 (CHF)","200,0",,19,09/10/2024,28/08/2023,2,,13/09/2023,"250,800",Vero
FISHER & PAYKEL,280,X21-39599V7DN0332,"Ly395/78f34x2 dc tpm 700 st. 4,6 (EG) Blu","200,0",,,,,,,,,Vero
FALKE,285,ManilaZN1,"K22/11f5 Z tpm 2500 st. 2,6 (CG)","120,0",,19,09/10/2024,14/09/2023,1,,07/10/2023,"126,1550",Vero
GI TESSIL FODERAMI,286,2254ZN,"Cr22/44f34 Z tpm 600 st. 3,2 (DC)","1.400,0",,57,,02/09/2023,6,,07/10/2023,"1.479,3075",Vero
,,,,,,58,05/12/2024,29/08/2023,7,,09/10/2023,"1.725,8588",
SCORTA,287,2218ZN,"Ly22/22f7 Z  tpm 1000 st. 3,8 (DI)","380,0",,18,06/10/2024,04/09/2023,4,,24/09/2023,"413,2500",Vero
SCORTA,288,S18-160040DN,"Mu1600/62f18 solvron dc tpm 700 st. 3,6 (DG)","9,0",,,,,,,,,Vero
DIAMANT,289,23504DN-Q7299,"Ly 235/167f48 dc tpm 780 st. 3,95 (DLF)","66,0",,39,09/10/2024,01/10/2023,1,,03/10/2023,"245,5200",Vero
FISHER & PAYKEL,290,X21-39599V7DN0333,"Ly395/78f34x2 dc tpm 700 st. 4,6 (EG) Grey","200,0",,41,19/11/2024,18/10/2023,1,,19/10/2023,"215,2296",Vero
SANYLEG,291,7035DN1,"Ly 78/13f5 dc tpm 2100 stiro 3,2 (DC)","300,0",,69,18/10/2024,28/10/2023,2,,30/11/2023,"323,3588",Vero
SCORTA,292,4439ZN,"Cr44/44f13 Z tpm 650 st. 3,6 (DG)","280,0",,56,26/12/2024,11/09/2023,5,,26/09/2023,"722,2875",Vero
SCORTA,293,7036ZN,"Ly78/44F34 Z tpm 900 st. 4,2 (EC)","500,0",,18,06/10/2024,31/08/2023,4,,28/09/2023,"980,4200",Vero
MANIFATTURA ITALIA CUCIRINI,294,4428ZN/F,"Cr44/44f13 Z tpm 1000 st. 3,6 (DG)","300,0",,,,,,,,,Vero
DIAMANT,295,23504DN-Q7299,"Ly 235/167f48 dc tpm 780 st. 3,95 (DLF)","115,0",,39,09/10/2024,09/10/2023,1,,11/10/2023,"245,5200",Vero
DIAMANT,296,94003DN-Q7299,"Cr940/167f48 citron tint tpm 800 dc st.  3,3 (DD)","4,0",,C2,,05/10/2023,1,,05/10/2023,"13,6338",Vero
DIAMANT,297,23504DN-Q7175,"Ly 235/167f48 dc tpm 780 st. 3,95 (DLF)","3,0",,C2,,28/09/2023,1,,30/09/2023,"30,6900",Vero
SANYLEG,299,15613DN1,"Ly 156/13f5 dc tpm 2000 stiro 3,7 (DH)","230,0",,67,11/11/2024,03/10/2023,1,,21/10/2023,"234,4753",Vero
SANYLEG,300,7034ZN,"Cr 78/22f7 Z tpm 1900 st. 4,0 (EA)","1.200,0",02/10/2023,35,18/10/2024,12/10/2023,4,,20/11/2023,"666,4628",Vero
,,,,,,25,15/10/2024,29/10/2023,4,,07/12/2023,"666,4628",
DIAMANT,298,39502DN2,"Ly395/167f96 dc tpm 800 st. 4,15 (EBF)","10,0",,,,,,,,,Vero
SCORTA,301,2246ZN 13500,"Cr22/60f60 Z tpm 500 st. 3,2 (DC)","600,0",,55,27/09/2024,21/09/2023,3,,30/09/2023,"677,6550",Vero
SANYLEG,302,62002DN2,"Cr620/78f18  dc tpm 800 st. 4,8","660,0",,42,,08/09/2023,4,,16/09/2023,"662,400",Vero
SCORTA,303,1726S+ZN,"Ly17/40f40 S+Z tpm 600 st. 3,2 (DC)","450,0",,54,,20/09/2023,2,,04/10/2023,"515,300",Vero
SCORTA,304,4424ZN,"Ly44/44f34 Z tpm 1000 st. 3,8 (DI)","600,0",,71,06/11/2024,26/09/2023,3,,20/10/2023,"709,5825",Vero
SCORTA,207,4459DN 20700,"K44/8f5 dc tpm 2000 st. 2,9 (CL)","870,0",,68,,22/07/2023,6,,26/11/2023,"873,1800",Vero
MARYGOLD,203,2223DN,"Cr22/8f5 dc tpm 2000 st. 3,2 (DC)","35,0",20/11/2023,,,,,,,,Vero
MARYGOLD,203,2223DN,"Cr22/8f5 dc tpm 2000 st. 3,2 (DC)","30,0",,,,,,,,,Vero
DIAMANT,306,23504DN-Q7175,"Ly 235/167f48 dc tpm 780 st. 3,95 (DLF)","2,0",,C2,,28/09/2023,1,,30/09/2023,"30,6900",Vero
DIAMANT,307,94003DN-Q7175,"Cr940/167f48 pink foam tpm 800 dc st.  3,3 (DD)","2,0",,C2,,27/09/2023,1,,27/09/2023,"13,6338",Vero
CALZIFICIO TREVER,305,4464S+ZN,"K44/13f10 S+Z tpm 1800 st. 2,8 (CI)","390,0",,53,05/12/2024,08/09/2023,4,,18/10/2023,"533,4863",Vero
FALKE,308,X20-2219ZF1,"K22/11f7 recy 50 S+Z  tpm 1900 st. 2,8 (CI)","40,0",,51,25/11/2024,20/09/2023,1,,07/10/2023,"133,6500",Vero
FRITSCHE,309,S14-60003V2DN 23h,"Mu600/70/1 Nomex DC tpm 1100 st. 4,4 (EE)","1.500,0",,38,,16/09/2023,12,,29/09/2023,"756,2400",Vero
W.ZIMMERMANN,310,X18-4406V2SN,"Ro44/16f10 S tpm 1250 st. 2,9 (CL)","617,80",,72,21/11/2024,02/10/2023,4,,06/11/2023,"637,3125",Vero
DIAMANT,311,39502DN-colori vari,"Ly395/167f96 dc tpm 800 st. 4,15 (EBF)","6,0",,C1,,02/10/2023,1,,03/10/2023,"19,3903",Vero
CALZIFICIO GENNY,312,2261S+ZN,"Cr22/78f68 SZ tpm 600 st. 3,2 (DC)","140,0",,55,27/09/2024,16/09/2023,1,,19/09/2023,"229,5701",Vero
CALZIFICIO GENNY,313,X17-7895S+ZN,"Ly78/44F34 SZ tpm 900 st. 4,2 (EC)","170,0",,20,,16/09/2023,1,,23/09/2023,"245,1050",Vero
CALZIFICIO GENNY,314,X23-7892DN mini,"Ly 78/13f7 dc tpm 1750 st. 3,8 (DI)","300,0",,65,16/10/2024,16/09/2023,2,,04/10/2023,"318,2550",Vero
FEIN ELAST GRABHER,315,X22-1703DN,"K 17/8f5 dc tpm 3000 st. 2,8 (CI)	Mobilon 17 tipo K	0,273	8f5 parallelo	290	2 x 27 gg (1299)	1	N				","100,0",,69,18/10/2024,29/09/2023,1,,26/10/2023,"100,3922",Vero
PIEFFE SPORT,316,S18-200014DN,"Mu2000/62f18 DC tpm 700 st. 3,6 (DG)","49,0",,,,,,,,,Vero
SANYLEG,317,X23-6198ZN cr.295 gr,Cr 61/44f13 Z tpm 900 st. 4 (EA),"300,0",,56,26/12/2024,27/09/2023,2,,04/10/2023,"304,0538",Vero
DIAMANT,318,23504DN-Q7175,"Ly 235/167f48 dc tpm 780 st. 3,95 (DLF)","210,0",,39,09/10/2024,28/10/2023,1,,30/10/2023,"245,5200",Vero
DIAMANT,319,94003DN-Q7175,"Cr940/167f48 pink foam tpm 800 dc st.  3,3 (DD)","5,0",,C2,,30/10/2023,1,,30/10/2023,"13,6338",Vero
DIAMANT,320,23504DN-Q7299,"Ly 235/167f48 dc tpm 780 st. 3,95 (DLF)","60,0",,39,09/10/2024,28/10/2023,1,,30/10/2023,"245,5200",Vero
DIAMANT,321,94003DN-Q7299,"Cr940/167f48 citron tint tpm 800 dc st.  3,3 (DD)","2,0",,C2,,30/10/2023,1,,30/10/2023,"13,6338",Vero
CALZIFICIO GENNY,322,X22-2203S+ZN,Cr22/78f68 ecocare S+Z tpm 600 st- 3.2 (DC),"440,0",,70,05/12/2024,25/09/2023,2,,01/10/2023,"439,6219",Vero
MANIFATTURA ITALIA CUCIRINI,323,X23-2299V5ZF,"Ro 22/78f24 Z tpm 400 st. 3,5 (DF)","360,0",,56,26/12/2024,03/10/2023,2,,07/10/2023,"370,3013",Vero
SANYLEG,324,X22-4408V2DF/SAND,"Ly 44/33f34 dc tpm 1150 st. 2,1 (CB)","240,0",,36,15/11/2024,20/10/2023,3,,30/10/2023,"206,6700",Vero
SANYLEG,325,X22-47001DN/SAND,"Ro 470/33f34 dc  tpm 1030 stiro 5,0 (FA)","210,0",,40,10/10/2024,20/10/2023,1,,25/10/2023,"238,00",Vero
FGP,326,31004DN220379,"Cr310/78f68  dc tpm 1200 st. 2,7  (CH)","750,0",,40,10/10/2024,09/11/2023,3,,21/11/2023,"747,9600",Vero
FGP,328,X22-31002V7DN1018,"Cr310/78f68  dc tpm 1200 st. 2,7  (CH)","1,0",,C1,,26/09/2023,1,,30/09/2023,"23,3738",Vero
CALZIFICIO NUOVO GIODI,303,1726S+ZN,"Ly17/40f40 S+Z tpm 600 st. 3,2 (DC)","400,0",,,,,,,,,Vero
UTEXBEL,330,S19-60052DN,"Mu600/70/1 Ker/Vfr/arm DC tpm 1100 st. 4,4 (EE)","190,0",,37,01/10/2024,09/10/2023,2,,13/10/2023,"250,2400",Vero
NASTRIFICIO VICTOR,331,94001DN2,"Cr940/167f36 nero tpm 800 dc st.  3,3 (DD)","600,0",,23,,11/10/2023,6,,15/10/2023,"646,6200",Vero
ALLERGO SYSTEM,332,4462ZN2,"Cr44/78f68 nero Z tpm 1000 st. 3,2 (DC)","48,0",,C3,,02/10/2023,2,,08/10/2023,"35,0975",Vero
SCORTA,333,4439ZN,"Cr44/44f13 Z tpm 650 st. 3,6 (DG)","700,0",,46,,04/10/2023,5,,19/10/2023,"700,400",Vero
SANYLEG,334,62001DN1,"Ro620/44f34 dc tpm 800 st. 5,2 (FC)","230,0",,40,10/10/2024,10/10/2023,2,,17/10/2023,"476,9600",Vero
SCORTA,336,7035DN1,"Ly 78/13f5 dc tpm 2100 stiro 3,2 (DC)","300,0",,69,18/10/2024,28/10/2023,2,,30/11/2023,"323,3588",Vero
MARYGOLD,337,39501DN,"Ly395/44f34 dc tpm 1000 st. 4,8 (EI)","85,0",,40,10/10/2024,02/10/2023,1,,06/10/2023,"277,0200",Vero
AMBROFIBRE,335,X23-2282S+ZN,"s22/22f7 S + Z tmp 1550 st. 3,2 GRS (DC)","1.150,0",,55,27/09/2024,05/10/2023,1,,13/10/2023,"117,5625",Vero
,,,,,,57,,03/10/2023,1,,11/10/2023,"117,5625",
GIZETA,338,7036ZN,"Ly78/44F34 Z tpm 900 st. 4,2 (EC)","1.000,0",,18,06/10/2024,02/10/2023,4,,30/10/2023,"980,4200",Vero
SANYLEG,339,X17-4495ZN,"Cr44/22f7 Z tpm 1500 st. 3,6 (DG)","500,0",,44,11/10/2024,03/10/2023,4,,08/11/2023,"573,5200",Vero
DIAMANT,340,23504DN-5000,"Ly 235/167f48 dc tpm 780 st. 3,95 (DLF)","2,0",,C2,,16/10/2023,1,,18/10/2023,"30,6900",Vero
MARYGOLD,203,2223DN,"Cr22/8f5 dc tpm 2000 st. 3,2 (DC)","30,0",,,,,,,,,Vero
DIAMANT,276,23504DN-Q7299,"Ly 235/167f48 dc tpm 780 st. 3,95 (DLF)","430,0",,,,,,,,,Vero
TRERE' INNOVATION,341,20098DN-VARI COL,"Ly200/44f13x2 DC tpm 1000 st. 4,2 (EC)","70,0",,38,,10/10/2023,1,,12/10/2023,"78,6600",Vero
SANYLEG,342,X22-4408V2DF,"Ly 44/33f34 dc tpm 1150 st. 2,1 (CB)","50,0",,14,,07/10/2023,1,,10/10/2023,"68,8900",Vero
SCORTA,343,4412SN,"Ly 44/13f7 S+Z tpm 1700 st. 3,8 (DI)","130,0",,17,31/12/2024,05/10/2023,1,,18/10/2023,"147,600",Vero
SANYLEG,344,X22-4408V2DF/SAND,"Ly 44/33f34 dc tpm 1150 st. 2,1 (CB)","70,0",,36,15/11/2024,12/10/2023,1,,15/10/2023,"68,8900",Vero
SANYLEG,345,X22-47001DN/SAND,"Ro 470/33f34 dc  tpm 1030 stiro 5,0 (FA)","70,0",,40,10/10/2024,08/10/2023,1,,13/10/2023,"238,00",Vero
MANIFATTURA ITALIA CUCIRINI,346,4428ZN/F,"Cr44/44f13 Z tpm 1000 st. 3,6 (DG)","300,0",,46,,13/10/2023,3,,25/10/2023,"424,0800",Vero
DIAMANT,347,X22-39503DN490,"Ly395/167f36 dc tpm 800 st. 4,15 (EBF)","5,0",,C2,,14/10/2023,1,,15/10/2023,"25,8538",Vero
AMBROFIBRE,348,X23-2280S+ZN,"s22/22f7 S + Z tmp 1550 st. 3,2 GRS (DC)","1.450,0",,55,27/09/2024,14/10/2023,4,,11/11/2023,"408,3750",Vero
,,,,,,57,,16/10/2023,9,,18/12/2023,"918,8438",
DIAMANT,349,94003DN-Q7175,"Cr940/167f48 pink foam tpm 800 dc st.  3,3 (DD)","3,0",,C2,,17/11/2023,1,8,17/11/2023,"3,4084",Vero
DIAMANT,350,23504DN-Q7175,"Ly 235/167f48 dc tpm 780 st. 3,95 (DLF)","60,0",,39,09/10/2024,18/11/2023,1,60,20/11/2023,"57,5438",Vero
DIAMANT,351,23504DN-5000,"Ly 235/167f48 dc tpm 780 st. 3,95 (DLF)","15,0",,39,09/10/2024,18/11/2023,1,20,20/11/2023,"19,1813",Vero
FISHER & PAYKEL,117,S19-60064V3DN,"Mu600/78f34 dc  tpm 700 dc st. 4,5 (EF)","90,0",,,,,,,,,Vero
CALZIFICIO CREMONA,352,X21-2291SF,"K22/44f48 Z tpm 600 st. 2,9 (CL)","120,0",,51,25/11/2024,18/10/2023,1,,20/10/2023,"117,5625",Vero
SCORTA,346,4428ZN/F,"Cr44/44f13 Z tpm 1000 st. 3,6 (DG)","150,0",,59,05/10/2024,10/10/2023,3,,22/10/2023,"437,3325",Vero
SCORTA,354,33001DN2,"Ly330/22f10 dc tpm 1500 st. 5,2 (FC)","460,0",,41,19/11/2024,16/10/2023,4,,01/11/2023,"465,00",Vero
CALZIFICIO CREMONA,355,2265SN2,"Cr22/50f34 S tpm 1000 st. 3,2 (DC)","10,0",,C2,,25/10/2023,1,,30/10/2023,"19,7838",Vero
DIAMANT,356,39502DN-colori vari,"Ly395/167f96 dc tpm 800 st. 4,15 (EBF)","24,0",,C2,,07/11/2023,1,,08/11/2023,"25,8538",Vero
FALKE,357,X22-2005V2ZN1,"Ly 20/22f7x2 Z tpm 900 st. 2,9 (CL)","27,0",,68,,24/11/2023,1,74,27/11/2023,"29,9180",Vero
CALZIFICIO CREMONA,358,X21-2291SF,"K22/44f48 Z tpm 600 st. 2,9 (CL)","120,0",,52,01/10/2024,20/10/2023,1,,22/10/2023,"117,5625",Vero
SCORTA,359,1726S+ZN,"Ly17/40f40 S+Z tpm 600 st. 3,2 (DC)","50,0",,54,,23/10/2023,1,,30/10/2023,"257,6500",Vero
LANIFICIO CAVERNI SRL,360,2236ZN,"Cr22/44f34 Z tpm 900 st. 3,2 (DC)","389,90",,,,,,,,,Vero
T.A.T SRL,361,S16-60015V2DN2,"Mu600/100/1 aramidico DC tpm 1250 st. 4,5 (EF)","175,0",,37,01/10/2024,30/10/2023,1,,01/11/2023,"108,2400",Vero
Z TECH,362,S16-60017V2DN-A2,"Mu600/60/1 aramid mista DC tpm 700 st. 4,5 (EF)","43,0",,,,,,,,,Vero
SCORTA,363,1724S+ZN 2cicli,"K17/10f2 S+Z tpm 2100 st. 2,6 (CG)","460,0",,71,06/11/2024,25/10/2023,4,,12/01/2024,"485,0588",Vero
SCORTA,364,2013S+ZN,"Ly 20/13f10 S+Z  tpm 1400 st. 2,9 (CL)","200,0",,60,,03/11/2023,2,,22/11/2023,"208,4156",Vero
TESS. PARISOTTO - TEXSARP,366,X22-4404ZN,"Cr44/78f24x2 Z tpm 600 st. 3,4 (DE)","30,0",,,,,,,,,Vero
CALZIFICIO BELLAFONTE,367,X23-2288S+ZN 8 giorn,"K22/22f10 innergy S+Z tpm 1400 st. 2,75 (CHF)","100,0",,52,01/10/2024,31/10/2023,1,,08/11/2023,"129,3188",Vero
DIAMANT,368,23504DN-5000,"Ly 235/167f48 dc tpm 780 st. 3,95 (DLF)","105,0",,39,09/10/2024,05/12/2023,1,110,07/12/2023,"105,4969",Vero
FGP,365,X23-31094DN3813,"Ly310/78f68 dc tpm 1500 st. 3,8","30,0",,,,,,,,,Vero
DIAMANT,369,94003DN-5000,"Cr940/167f48 nero tpm 800 dc st.  3,3 (DD)","3,0",,C2,,06/12/2023,1,8,06/12/2023,"3,4084",Vero
DIAMANT,370,23504DN-Q7175,"Ly 235/167f48 dc tpm 780 st. 3,95 (DLF)","380,0",,39,09/10/2024,05/12/2023,2,200,09/12/2023,"383,6250",Vero
DIAMANT,371,94003DN-Q7175,"Cr940/167f48 pink foam tpm 800 dc st.  3,3 (DD)","10,0",,C2,,07/12/2023,1,24,07/12/2023,"10,2253",Vero
SANYLEG,372,X21-20099DN1,"Ly 200/22f7 dc tpm 1500 st. 4,6 (EG)","530,0",,38,,31/10/2023,4,,23/11/2023,"550,4400",Vero
SANYLEG,373,62001DN1,"Ro620/44f34 dc tpm 800 st. 5,2 (FC)","690,0",,42,,30/10/2023,6,,22/11/2023,"1.430,8800",Vero
SANYLEG,374,62002DN,"Cr620/78f24 dc tpm 800 st. 4,8","660,0",,41,19/11/2024,06/11/2023,4,256,14/11/2023,"662,400",Vero
TESSITURA TAIANA VIRGILIO SPA,375,S17-60040DN,"Mu600+62f18/62f18 DC tpm 800 st. 1,8 (BI)","15,0",,,,,,,,,Vero
ATHENA,190,4463S+ZN1,"Cr44/44f34 colorwise S+Z tpm 650 st. 3,2 (DC)",,,,,,,,,,Vero
FISHER & PAYKEL,319,S19-60064V3DN,"Mu600/78f34 dc  tpm 700 dc st. 4,5 (EF)","90,0",,,,,,,,,Vero
SCORTA,377,S18-160040DN,"Mu1600/62f18 solvron dc tpm 700 st. 3,6 (DG)","7,0",,,,,,,,,Vero
MANIFATTURA ITALIA CUCIRINI,378,X23-2299V5ZF,"Ro 22/78f24 Z tpm 400 st. 3,5 (DF)","175,0",,70,05/12/2024,09/11/2023,1,,11/11/2023,"185,1506",Vero
SCORTA,379,2202ZF,"Cr22/22f7 Z tpm 1100 st. 3,2 (DC)","100,0",,59,05/10/2024,07/11/2023,1,,13/11/2023,"129,4116",Vero
W.ZIMMERMANN,380,4465SN1,"Ro44/16f10 S tpm 1250 st. 2,9 (CL)","322,90",,72,21/11/2024,18/11/2023,2,,06/12/2023,"304,5488",Vero
SCORTA,381,4424ZN,"Ly44/44f34 Z tpm 1000 st. 3,8 (DI)","480,0",,58,05/12/2024,08/11/2023,2,,24/11/2023,"473,0550",Vero
SCORTA,382,4428ZN/F,"Cr44/44f13 Z tpm 1000 st. 3,6 (DG)","280,0",,56,26/12/2024,11/11/2023,2,,19/11/2023,"291,5550",Vero
CALZIFICIO TREVER,383,4464S+ZN,"K44/13f10 S+Z tpm 1800 st. 2,8 (CI)","520,0",,53,05/12/2024,16/11/2023,4,,26/12/2023,"533,4863",Vero
FISHER & PAYKEL,384,X21-39599V7DN0333,"Ly395/78f34x2 dc tpm 700 st. 4,6 (EG) Grey","190,0",,38,,10/01/2024,1,,11/01/2024,"215,2296",Vero
FISHER & PAYKEL,385,X21-39599V7DN0332,"Ly395/78f34x2 dc tpm 700 st. 4,6 (EG) Blu","190,0",,38,,12/01/2024,1,,13/01/2024,"215,2296",Vero
FISHER & PAYKEL,386,S19-60064V3DN,"Mu600/78f34 dc  tpm 700 dc st. 4,5 (EF)","90,0",,37,01/10/2024,20/11/2023,1,,20/11/2023,"89,300",Vero
DIAMANT,387,X22-39503DN490,"Ly395/167f36 dc tpm 800 st. 4,15 (EBF)","5,0",,C2,,24/11/2023,1,10,25/11/2023,"8,0793",Vero
DIAMANT,388,39502DN-14446,"Ly395/167f96 dc tpm 800 st. 4,15 (EBF)","55,0",,37,01/10/2024,04/12/2023,1,74,05/12/2023,"59,7868",Vero
RADICI,389,2276S+ZN,"Cr22/44f30 S+Z tpm 650 st. 3,2 (DC)","2.070,0",,52,01/10/2024,22/11/2023,5,,21/12/2023,"1.156,0725",Vero
,,,,,,51,25/11/2024,23/11/2023,5,,22/12/2023,"1.156,0725",
RADICI,390,2275S+ZN-B10A,"Cr22/44f34 S+Z tpm 600 st. 3,2 (DC)","2.200,0",,54,,21/11/2023,5,,16/12/2023,"1.174,2844",Vero
,,,,,,55,27/09/2024,22/11/2023,5,,17/12/2023,"1.174,2844",
RADICI,391,2275S+ZN-N00,"Cr22/44f34 S+Z tpm 600 st. 3,2 (DC)","660,0",,46,,24/11/2023,3,,09/12/2023,"683,2200",Vero
RADICI,392,2279ZNB10A 14000,Cr22/78f68 Z pink tpm 600 st- 3.2 (DC),"1.100,0",,70,05/12/2024,23/11/2023,5,,08/12/2023,"1.076,3156",Vero
W.ZIMMERMANN,393,4465SN1,"Ro44/16f10 S tpm 1250 st. 2,9 (CL)","617,80",,56,26/12/2024,20/11/2023,2,,08/12/2023,"304,5488",Vero
,,,,,,57,,27/11/2023,2,,15/12/2023,"304,5488",
SCORTA,395,31002DN1,"Cr310/22f7 DC tpm 1200 st. 3,8  (DI)","660,0",,23,,24/11/2023,6,,12/12/2023,"672,00",Vero
SCORTA,396,33001DN2,"Ly330/22f10 dc tpm 1500 st. 5,2 (FC)","920,0",,41,19/11/2024,20/11/2023,8,,22/12/2023,"930,00",Vero
SCORTA,397,4412ZN,"Ly 44/13f7 S+Z tpm 1700 st. 3,8 (DI)","120,0",,19,09/10/2024,17/11/2023,1,,30/11/2023,"147,600",Vero
CALZIFICIO TREVER,398,13007ZF 903C 14000,"Ly130/33f20 Z tpm 900 st. 4,2 (EC)","1.000,0",,29,03/10/2024,18/11/2023,5,,12/12/2023,"914,2500",Vero
FALKE,400,X21-2268DN,"K 22/11f7 dc tpm 2000 st. 2,9 (CL)","120,0",,69,18/10/2024,12/01/2024,1,264,30/01/2024,"110,9883",Vero
SANYLEG,394,20099ZF,"Ly 200/33f20 Z tpm 900 st. 4,5 (EF)","210,0",,67,11/11/2024,17/11/2023,2,132,27/11/2023,"228,2569",Vero
APPLE,399,S15-60008V2DN2,"Muriel 600/83f36 nero dc 1500 st. 4,5 (EF)","100,0",,42,,28/11/2023,1,,29/11/2023,"100,1900",Vero
DIAMANT,401,23504DN-Q7175,"Ly 235/167f48 dc tpm 780 st. 3,95 (DLF)","105,0",,39,09/10/2024,21/12/2023,1,,23/12/2023,"245,5200",Vero
DIAMANT,402,94003DN-Q7175,"Cr940/167f48 pink foam tpm 800 dc st.  3,3 (DD)","3,0",,C1,,21/12/2023,1,8,21/12/2023,"3,4084",Vero
SANYLEG,404,X21-20099DN2,"Ly200/22f10 DC tpm 1500 st. 4,6 (EG)","280,0",,38,,01/12/2023,2,,13/12/2023,"278,1900",Vero
SANYLEG,406,X23-47097DN366,"Ro 470/33f34 dc  tpm 1030 stiro 5,0 (FA)","500,0",,40,10/10/2024,04/12/2023,4,,14/12/2023,"480,7600",Vero
SANYLEG,407,X23-4491DF366,"Ly 44/33f34 dc tpm 1150 st. 2,1 (CB)","700,0",,67,11/11/2024,04/12/2023,7,,08/01/2024,"766,6313",Vero
CALZIFICIO CREMONA,408,X21-2291SF,"K22/44f48 Z tpm 600 st. 2,9 (CL)","86,0",,56,26/12/2024,20/12/2023,1,200,22/12/2023,"89,0625",Vero
ATHENA,190,4463S+ZN1,"Cr44/44f34 colorwise S+Z tpm 650 st. 3,2 (DC)","480,0",22/11/2023,,,,,,,,Vero
FALKE,352,X21-2291SF,"K22/44f48 Z tpm 600 st. 2,9 (CL)","40,0",01/12/2023,52,01/10/2024,18/10/2023,1,,20/10/2023,"117,5625",Vero
T & T,409,X18-2208ZN2,"Cr22/78f68 Z tpm 500 st. 3,2 (DC)","230,0",,18,06/10/2024,05/12/2023,1,248,08/12/2023,"225,2925",Vero
FUJIAN HUAFENG NEW MATERIAL,410,S21-500011DN,"Muriel 5000/62f18 dc tpm 1100 st. 2,0 (CA)","18,0",,,,,,,,,Vero
SINERGY GROUP,411,10996SN,"Cr44/22f7 S tpm 650 st. 3,5 (DF)","280,0",,59,05/10/2024,06/12/2023,2,,14/12/2023,"295,8656",Vero
T.A.T SRL,412,S16-60015V2DN2,"Mu600/100/1 aramidico DC tpm 1250 st. 4,5 (EF)","300,0",,37,01/10/2024,13/12/2023,1,,15/12/2023,"108,2400",Vero
,,,,,,38,,29/01/2024,2,,02/02/2024,"216,4800",
DIAMANT,414,23504DN-Q7175,"Ly 235/167f48 dc tpm 780 st. 3,95 (DLF)","60,0",,39,09/10/2024,30/01/2024,1,70,01/02/2024,"67,1344",Vero
DIAMANT,415,94003DN-Q7175,"Cr940/167f48 pink foam tpm 800 dc st.  3,3 (DD)","3,0",,C1,,30/01/2024,1,6,30/01/2024,"2,5563",Vero
MANIFATTURA ITALIA CUCIRINI,413,X23-2279ZF,"Ro 22/78f24 Z tpm 400 st. 3,5 (DF)","175,0",,58,05/12/2024,14/12/2023,1,,16/12/2023,"185,1506",Vero
FRITSCHE,416,S14-60003V2DN 23h,"Mu600/70/1 Nomex DC tpm 1100 st. 4,4 (EE)","540,0",,37,01/10/2024,26/01/2024,4,,30/01/2024,"252,0800",Vero
FRITSCHE,417,X23-8397DN,"XLA 83/60/1 dc tpm 635 st.4,2 (EC)","1.250,0",,38,,05/05/2024,16,,22/05/2024,"1.253,1200",Vero
JULIUS ZORN GMBH,418,S300020DN,"Muriel 3000/67f24x2 dc tpm 400 st. 3,0 (DA)","50,0",,40,10/10/2024,11/01/2024,1,256,11/01/2024,"76,3200",Vero
MAGLIFICIO FASIROTEX,420,X23-39598DN2999,"Ly 395/78f18x2 dc tpm 1000 st. 3,6 (DG) NERO","30,0",,C2,,20/12/2023,1,,23/12/2023,"34,8250",Vero
SCORTA,421,15613DN1,"Ly 156/13f5 dc tpm 2000 stiro 3,7 (DH)","460,0",,68,,08/01/2024,2,,13/02/2024,"468,9506",Vero
SCHMITZ-WERKE GmbH + Co. KG,419,S19-160046DNcol.vari,"Mu 1600/167f48x2 dc tpm 700 st. 5,0 (FA)","30,0",,41,19/11/2024,22/01/2024,1,60,22/01/2024,"32,0273",Vero
FRITSCHE,422,S21-60090DN100,"Mu600/70/1 Nomex DC tpm 1100 st. 4,4 (EE)","45,0",,40,10/10/2024,20/12/2023,1,,21/12/2023,"131,1500",Vero
SANYLEG,423,X23-4496V2ZN2,"Ly44/78f70 Z tpm 1000 st. 3,7 (DH)","800,0",,58,05/12/2024,08/01/2024,4,,28/01/2024,"897,6825",Vero
FEIN ELAST GRABHER,424,X22-1703DN,"K 17/8f5 dc tpm 3000 st. 2,8 (CI)	Mobilon 17 tipo K	0,273	8f5 parallelo	290	2 x 27 gg (1299)	1	N				","450,0",,7,20/01/2025,08/01/2024,1,448,04/02/2024,"170,3625",Vero
,,,,,,7,20/01/2025,21/02/2024,2,448,15/04/2024,"340,7250",
MEDI,425,S18-160044DN100,"Mu 1600+62f18/62f18 dc tpm 800 st. 1,8 (BI)","50,0",,40,10/10/2024,22/01/2024,1,200,22/01/2024,"49,3750",Vero
SCORTA,426,X23-7890DF minispole,"Ly78/11f5 miracosmo DC tpm 1900 stiro 3,64 (DEG)","50,0",,69,18/10/2024,22/12/2023,1,188,31/12/2023,"54,1822",Vero
UTEXBEL,427,S600A03DN,"Muriel 600/50/1 mista cotone dc 700 st. 4,5 (EF)","550,0",,37,01/10/2024,19/01/2024,7,,25/01/2024,"567,00",Vero
W.ZIMMERMANN,1,4465SN1,"Ro44/16f10 S tpm 1250 st. 2,9 (CL)","1.235,50",,56,26/12/2024,11/01/2024,4,,16/02/2024,"609,0975",Vero
,,,,,,57,,18/01/2024,4,,23/02/2024,"609,0975",
CSP INTERNATIONAL,2,7032S+ZN,"Ro 78/11f7 S+Z tpm 1800 st. 3,7 (DH)","220,0",,24,22/10/2024,18/01/2024,1,,04/02/2024,"223,8500",Vero
SCORTA,3,1724S+ZN 2cicli,"K17/10f2 S+Z tpm 2100 st. 2,6 (CG)","690,0",,71,06/11/2024,08/02/2024,6,,05/06/2024,"727,5881",Vero
DIAMANT,4,39502DN-14446,"Ly395/167f96 dc tpm 800 st. 4,15 (EBF)","20,0",,C2,,29/01/2024,1,26,30/01/2024,"21,0062",Vero
SANYLEG,5,62002DN2,"Cr620/78f18  dc tpm 800 st. 4,8","330,0",,40,10/10/2024,16/01/2024,1,,18/01/2024,"165,600",Vero
UTEXBEL,428,S600A04DN,"Muriel 600/50/1/39 dc 700 st. 4,5 (EF)","50,0",,37,01/10/2024,16/01/2024,1,228,16/01/2024,"72,1406",Vero
SCORTA,6,13007ZN/F-14500,"Ly130/33f20 Z tpm 900 st. 4,2 (EC)","1.800,0",,30,,18/01/2024,9,,02/03/2024,"1.692,900",Vero
AMBROFIBRE,7,X23-2280S+ZN,"s22/22f7 S + Z tmp 1550 st. 3,2 GRS (DC)","70,0",,7,20/01/2025,15/01/2024,2,128,29/01/2024,"99,00",Vero
SCORTA,9,1726S+ZN,"Ly17/40f40 S+Z tpm 600 st. 3,2 (DC)","500,0",,70,05/12/2024,22/01/2024,2,,05/02/2024,"515,300",Vero
DIAMANT,10,X22-39503DN490,"Ly395/167f36 dc tpm 800 st. 4,15 (EBF)","12,0",,C2,,17/01/2024,1,26,18/01/2024,"21,0062",Vero
FISHER & PAYKEL,11,X21-39599V7DN0332,"Ly395/78f34x2 dc tpm 700 st. 4,6 (EG) Blu","190,0",,39,09/10/2024,16/02/2024,1,,17/02/2024,"215,2296",Vero
FISHER & PAYKEL,12,X21-39599V7DN0333,"Ly395/78f34x2 dc tpm 700 st. 4,6 (EG) Grey","190,0",,40,10/10/2024,10/02/2024,1,,11/02/2024,"215,2296",Vero
CSP PARIS,13,4466SN1,"Ly44/22f7 S tpm 1900 stiro 3,6 (DG)","130,0",,59,05/10/2024,17/01/2024,1,,27/01/2024,"133,6634",Vero
SCORTA,14,749DN mini,"Ly20/8f5 dc tpm 3000 st. 2,8 (CI)","880,0",,6,24/10/2024,15/01/2024,12,448,19/08/2024,"1.267,1400",Vero
SCORTA,15,28503ZN,"Ly285/78f68 Z tpm 726 st. 4,6 (EG)","530,0",,23,,18/01/2024,2,,24/01/2024,"573,1200",Vero
SCORTA,16,4405S+ZN,"Ly44/11f7 S+Z  tpm 2000 st. 3,9 (DL)","260,0",,24,22/10/2024,16/01/2024,2,247,14/02/2024,"253,7153",Vero
AMBROFIBRE,8,X24-2201S+ZN,"s22/22f7 S + Z tmp 1550 st. 3,2 GRS (DC)","440,0",,54,,20/01/2024,4,,17/02/2024,"408,3750",Vero
FEIN ELAST GRABHER,17,11007SF 2 cicli,"Ro15/11f7 S tpm 2180 st. 2,75 (CHF)","400,0",,55,27/09/2024,24/01/2024,1,240,18/02/2024,"128,8359",Vero
,,,,,,51,25/11/2024,01/02/2024,2,,22/03/2024,"283,4391",
BRAM,20,1730S+ZN,"K17/11f16 S+Z tpm 2150 st. 2,8 (CI)","165,0",,60,,12/02/2024,2,,10/03/2024,"182,6550",Vero
FALKE,107,2277DN mini,"Ly22/8f5 dc tpm 2100 st. 3,4 (DE)","500,0",02/05/2024,1,,03/04/2024,3,,26/05/2024,"373,1273",Vero
MARYGOLD,18,X23-1399ZN2,"Cr13/44f34 Z tpm 500 st. 2,8 (CI)","100,0",,C3,,23/01/2024,12,24,17/02/2024,"110,2275",Vero
SANYLEG,19,X24-31001DN366,"Ro 310/33f34 dc  tpm 1030 stiro 5,0 (FA)","300,0",,40,10/10/2024,29/01/2024,2,,05/02/2024,"293,400",Vero
FILATURA,22,S17-60040DN,"Mu600+62f18/62f18 DC tpm 800 st. 1,8 (BI)","6,0",,C1,,23/01/2024,2,12,24/01/2024,"6,1875",Vero
CALZIFICIO TREVER,23,4464S+ZN,"K44/13f10 S+Z tpm 1800 st. 2,8 (CI)","1.540,0",,54,,26/02/2024,4,,06/04/2024,"533,4863",Vero
,,,,,,34,27/09/2024,02/03/2024,2,,22/03/2024,"258,6600",
,,,,,,53,05/12/2024,05/02/2024,6,,05/04/2024,"800,2294",
FGP,21,31004DN220379,"Cr310/78f68  dc tpm 1200 st. 2,7  (CH)","600,0",,39,09/10/2024,02/03/2024,3,,14/03/2024,"747,9600",Vero
FGP,24,31003DN220274,"Ly310/78f68 dc tpm 1200 st. 3,8","900,0",,42,,06/03/2024,5,,26/03/2024,"1.109,200",Vero
RADICI,25,2275S+ZN-N00,"Cr22/44f34 S+Z tpm 600 st. 3,2 (DC)","200,0",,46,,02/02/2024,1,,07/02/2024,"227,7400",Vero
RADICI,26,2275S+ZN-B10A,"Cr22/44f34 S+Z tpm 600 st. 3,2 (DC)","2.200,0",,46,,08/02/2024,10,,29/03/2024,"2.277,400",Vero
SANYLEG,27,2274ZN2015,"Cr22/78f24 Z tpm 600 st. 3,4 (DE)","200,0",,58,05/12/2024,03/02/2024,1,160,06/02/2024,"125,800",Vero
SANYLEG,28,2274ZN2,"Cr22/78f24 Z tpm 600 st. 3,4 (DE)","400,0",,58,05/12/2024,31/01/2024,1,256,03/02/2024,"201,2800",Vero
,,,,,,58,05/12/2024,06/02/2024,1,256,09/02/2024,"201,2800",
ALLERGO SYSTEM,29,4462ZN2,"Cr44/78f68 nero Z tpm 1000 st. 3,2 (DC)","90,0",,18,06/10/2024,26/01/2024,1,180,29/01/2024,"98,7117",Vero
LONATI SPA,30,X23-7896DN2,"Ly78/330f72 dc TPM 900 st. 4,0 (EA)","6,0",,C1,,31/01/2024,1,8,01/02/2024,"6,2819",Vero
LONATI SPA,31,23503DN-5000,"Ly235/167f36 dc tpm 780 st. 4,15 (EBF)","6,0",,39,09/10/2024,30/01/2024,1,8,31/01/2024,"6,8027",Vero
CSP PARIS,32,4412SN,"Ly 44/13f7 S+Z tpm 1700 st. 3,8 (DI)","120,0",01/03/2024,59,05/10/2024,29/01/2024,1,,11/02/2024,"152,2125",Vero
SANYLEG,33,X24-4401S+ZF2,"Ly 44/50f42x2 S+Z tmp 600 st. 3,2","100,0",,52,01/10/2024,02/02/2024,1,180,04/02/2024,"105,3633",Vero
FRITSCHE,34,S14-60003V2DN 23h,"Mu600/70/1 Nomex DC tpm 1100 st. 4,4 (EE)","2.300,0",04/04/2024,37,01/10/2024,11/02/2024,18,,02/03/2024,"1.134,3600",Vero
T.A.T SRL,35,S16-60015V2DN2,"Mu600/100/1 aramidico DC tpm 1250 st. 4,5 (EF)","200,0",,38,,02/02/2024,2,256,06/02/2024,"216,4800",Vero
CALZE OLONA,36,1301ZN,"Ly130/22f7x2 Z tpm 800 st. 4,2 (EC)","230,0",,23,,06/02/2024,1,,10/02/2024,"228,1933",Vero
BUCAN D.O.O.,37,S18-160040DN,"Mu1600/62f18 solvron dc tpm 700 st. 3,6 (DG)","12,0",,37,01/10/2024,01/02/2024,1,80,01/02/2024,"11,5313",Vero
DIAMANT,38,39502DN-14446,"Ly395/167f96 dc tpm 800 st. 4,15 (EBF)","140,0",,C2,,,,,,,Vero
ATHENA,39,4463S+ZN1,"Cr44/44f34 colorwise S+Z tpm 650 st. 3,2 (DC)","840,0",,58,05/12/2024,26/02/2024,4,,17/03/2024,"880,4400",Vero
DIAMANT,40,39502DN-colori vari,"Ly395/167f96 dc tpm 800 st. 4,15 (EBF)","2,0",,,,,,,,,Vero
GIZETA,41,X23-2295S+ZN,"Cr 22/22f10 S+Z ecocare tpm 1550 st. 3,4 (DE)","330,0",,35,18/10/2024,08/02/2024,3,,03/03/2024,"359,100",Vero
SCORTA,42,4424ZN,"Ly44/44f34 Z tpm 1000 st. 3,8 (DI)","480,0",,52,01/10/2024,09/02/2024,2,,25/02/2024,"473,0550",Vero
MAXIS,44,1731DN,"K17/22f20 DC tpm 1600 st. 2,8 (CI)","400,0",,68,,13/02/2024,4,,19/03/2024,"406,6528",Vero
FGP,46,X24-2202S+Z colorati,"Cr 22/44f40 S+Z tpm 900 st. 3,2 (DC)","97,20",,44,11/10/2024,16/02/2024,1,128,19/02/2024,"56,700",Vero
SCORTA,47,7036ZN,"Ly78/44F34 Z tpm 900 st. 4,2 (EC)","1.200,0",,18,06/10/2024,09/02/2024,6,,22/03/2024,"1.470,6300",Vero
CSP PARIS,48,4466S+ZN,"Ly44/22f7 S+Z tpm 1900 stiro 3,6 (DG)","390,0",,59,05/10/2024,13/02/2024,3,,13/03/2024,"400,9902",Vero
IBENA,49,S20-60076V2DN,"Mu 600+62f18/70-1  dc tpm 1100 st. 1,8 (BI)","280,0",,38,,12/03/2024,4,,14/03/2024,"284,6400",Vero
FALKE,14,749DN mini,"Ly20/8f5 dc tpm 3000 st. 2,8 (CI)","120,0",,,,,,,,,Vero
FALKE,14,749DN mini,"Ly20/8f5 dc tpm 3000 st. 2,8 (CI)","120,0",,,,,,,,,Vero
FALKE,14,749DN mini,"Ly20/8f5 dc tpm 3000 st. 2,8 (CI)","120,0",,,,,,,,,Vero
SANYLEG,51,X21-20099DN2,"Ly200/22f10 DC tpm 1500 st. 4,6 (EG)","1.100,0",20/02/2024,40,10/10/2024,12/03/2024,12,,23/05/2024,"1.669,1400",Vero
SANYLEG,52,33002DN,"Ly330/22f7 dc tpm 1200 st. 4,8 (EI)","130,0",,,,,,,,,Vero
SANYLEG,53,X23-4496V2ZN2,"Ly44/78f70 Z tpm 1000 st. 3,7 (DH)","220,0",,72,21/11/2024,15/02/2024,1,,20/02/2024,"224,4206",Vero
SANYLEG,54,62001DN2,"Ro620/50f34 dc tpm 800 st.5,2","250,0",02/04/2024,,,,,,,,Vero
DUELEGS,55,X23-3399S+ZF,"Ly 33/13f7 S+Z tpm 1750 st. 3,1","100,0",,13,,29/02/2024,1,,10/03/2024,"110,9400",Vero
SCORTA,59,4412S+ZN,"Ly 44/13f7 S+Z tpm 1700 st. 3,8 (DI)","600,0",,72,21/11/2024,21/02/2024,4,,12/04/2024,"608,8500",Vero
SCORTA,60,4405ZN,"Ly44/11f7 Z  tpm 2000 st. 3,9 (DL)","130,0",,24,22/10/2024,23/02/2024,1,,08/03/2024,"131,4800",Vero
FALKE,57,X24-1301V2S+ZN mini,"Ly 13/11f8 S+Z tpm 2400 st. 2,9 (CL)","20,0",,55,27/09/2024,16/02/2024,1,,07/03/2024,"107,9925",Vero
MARYGOLD,58,X23-1299DN mini,"Ly 12/8f5 dc tpm 2600 st. 2,6 (CG)","80,0",,69,18/10/2024,19/02/2024,1,,14/03/2024,"76,8178",Vero
T.A.T SRL,61,S16-60015V2DNA1,"Mu600/100/1 aramidico DC tpm 1250 st. 4,5 (EF)","200,0",,38,,27/02/2024,2,,02/03/2024,"216,4800",Vero
ALPIN CORAP,63,23505DN1,"Ly235/78f24x2 dc tpm 780 st. 4,15 (EBF)","10,0",,C2,,22/02/2024,1,14,24/02/2024,"12,3826",Vero
DUELEGS,56,X23-4493S+ZF,"Ly 44/22f20 S+Z tpm 1600 st. 3,7","130,0",,57,,08/03/2024,2,,26/03/2024,"274,9313",Vero
TAT TESSITURA AUTOMATICA TAVERNERIO,62,X24-7801ZN2,"Ly 78/78f18 Z nero tpm 900 stiro 3,5","18,0",,C1,,22/02/2024,3,12,28/02/2024,"17,4488",Vero
CALZIFICIO CREMONA,65,X20-2222DN2 mini,"KLC22 nero/11f7 recy nero dc tpm 2000 st. 2,9 (CL)","200,0",,36,15/11/2024,02/03/2024,2,,07/04/2024,"214,00",Vero
HEXONIA GMBH,64,S18-200017DN2,"Mu2000+62f18/62f18 DC tpm 800 st. 1,8 (BI)","5,0",,,,,,,,,Vero
ESTAMBRIL TEXTILES INTERNATIONAL S.L.,66,S600A07DN,"Muriel 600/70 dc tpm 1000 st. 4,6","37,0",,,,,,,,,Vero
SCORTA,70,2013S+ZN,"Ly 20/13f10 S+Z  tpm 1400 st. 2,9 (CL)","200,0",,60,,15/03/2024,2,,03/04/2024,"208,4156",Vero
SCORTA,68,S18-160044DN100,"Mu 1600+62f18/62f18 dc tpm 800 st. 1,8 (BI)","6,0",,,,,,,,,Vero
DIAMANT,71,39502DN2,"Ly395/167f96 dc tpm 800 st. 4,15 (EBF)","30,0",,C2,,06/03/2024,2,,09/03/2024,"51,7075",Vero
SANYLEG,74,62001DN1,"Ro620/44f34 dc tpm 800 st. 5,2 (FC)","720,0",,42,,02/03/2024,3,,13/03/2024,"715,4400",Vero
SANYLEG,75,2274ZN2,"Cr22/78f24 Z tpm 600 st. 3,4 (DE)","400,0",,52,01/10/2024,06/03/2024,1,,09/03/2024,"207,5700",Vero
,,,,,,52,01/10/2024,21/03/2024,1,,24/03/2024,"207,5700",
SANYLEG,76,62002DN2,"Cr620/78f18  dc tpm 800 st. 4,8","660,0",,,,,,,,,Vero
SANYLEG,73,X23-47097DN366,"Ro 470/33f34 dc  tpm 1030 stiro 5,0 (FA)","1.500,0",,42,,26/03/2024,13,,29/04/2024,"1.562,4700",Vero
SANYLEG,77,31002DN1,"Cr310/22f7 DC tpm 1200 st. 3,8  (DI)","2.912,0",,23,,01/02/2024,26,,21/04/2024,"2.912,00",Vero
SANYLEG,78,15613DN1,"Ly 156/13f5 dc tpm 2000 stiro 3,7 (DH)","460,0",,67,11/11/2024,28/02/2024,2,,04/04/2024,"468,9506",Vero
SANYLEG,72,X17-4495ZN,"Cr44/22f7 Z tpm 1500 st. 3,6 (DG)","290,0",,44,11/10/2024,28/02/2024,2,,17/03/2024,"286,7600",Vero
SCORTA,80,4407DN,"Ly44/13f7 dc tpm 1750 st. 3,8 (DI)","1.200,0",,49,20/12/2024,27/04/2024,6,,12/07/2024,"441,6750",Vero
,,,,,,61,,31/05/2024,4,,21/07/2024,"824,4600",
UTEXBEL,81,S600A03DN,"Muriel 600/50/1 mista cotone dc 700 st. 4,5 (EF)","550,0",,37,01/10/2024,03/05/2024,3,,05/05/2024,"243,00",Vero
UTEXBEL,82,S600A04DN,"Muriel 600/50/1/39 dc 700 st. 4,5 (EF)","50,0",,,,,,,,,Vero
SINERGY GROUP,83,10996SN,"Cr44/22f7 S tpm 650 st. 3,5 (DF)","140,0",,25,15/10/2024,08/03/2024,1,,12/03/2024,"143,4500",Vero
ATHENA,84,X22-7810S-ZN354 4 ci,"Ly 78/50f42 s+Z tpm 1100 st. 3,5 (EC)","240,0",,70,05/12/2024,12/03/2024,2,,19/03/2024,"248,2219",Vero
FISHER & PAYKEL,85,X21-39599V7DN0333,"Ly395/78f34x2 dc tpm 700 st. 4,6 (EG) Grey","190,0",,,,,,,,,Vero
FISHER & PAYKEL,86,X21-39599V7DN0332,"Ly395/78f34x2 dc tpm 700 st. 4,6 (EG) Blu","190,0",,,,,,,,,Vero
MEDI,87,X23-4489DN,"roica 44/44f13x2/56f34x2 dc tpm 500 st. 2,8 (CI)","150,0",,42,,21/03/2024,1,,23/03/2024,"194,8800",Vero
FILTRADING,89,X21-1796ZN,"K17/8f5 Z tpm 750 st. 3,3 (DD)","70,0",,52,01/10/2024,12/03/2024,1,,19/03/2024,"81,1800",Vero
DIAMANT,88,39502DN-14446,"Ly395/167f96 dc tpm 800 st. 4,15 (EBF)","22,0",,C2,,21/03/2024,1,30,22/03/2024,"24,2379",Vero
TATRASVIT,91,S18-200014DN,"Mu2000/62f18 DC tpm 700 st. 3,6 (DG)","7,0",,,,,,,,,Vero
FALKE,92,X22-2005V2ZN vari co,"Ly 20/22f7x2 Z tpm 900 st. 2,9 (CL)","39,0",25/04/2024,,,,,,,,Vero
SANYLEG,93,X24-4401S+ZF2,"Ly 44/50f42x2 S+Z tmp 600 st. 3,2","200,0",21/03/2024,24,22/10/2024,20/03/2024,2,,24/03/2024,"299,700",Vero
CALZIFICIO TEX STYLE,94,2266S+ZN,"Cr22/19f6 S+Z  tpm 1750 st. 3,2 (DC)","90,0",01/04/2024,35,18/10/2024,20/03/2024,1,,27/03/2024,"87,1884",Vero
FF,95,4461SF,"Cr44/110f24 S tpm 600 st. 3,2 (DC)","200,0",25/03/2024,44,11/10/2024,20/03/2024,1,,22/03/2024,"215,5200",Vero
CALZIFICIO CREMONA,96,X21-2291SF,"K22/44f48 Z tpm 600 st. 2,9 (CL)","160,0",24/04/2024,26,,19/03/2024,1,,21/03/2024,"114,00",Vero
SCORTA,98,2246ZN 10800,"Cr22/60f60 Z tpm 500 st. 3,2 (DC)","650,0",,31,,27/03/2024,3,,08/04/2024,"664,0200",Vero
ATHENA,90,4463S+ZN1,"Cr44/44f34 colorwise S+Z tpm 650 st. 3,2 (DC)","440,0",,,,,,,,,Vero
BUCAN D.O.O.,97,S18-160040DN,"Mu1600/62f18 solvron dc tpm 700 st. 3,6 (DG)","12,0",,,,,,,,,Vero
MICHELE LETIZIA,99,X24-7802S+ZN,Cr 78-44f72 S+Z tpm 900 st. 3.4 (DE),"500,0",,51,25/11/2024,22/03/2024,4,,07/04/2024,"616,5225",Vero
ATHENA,100,X21-4489V3S+ZN,"Lycra 44/44f34 S+Z tpm 750 st. 3,0 (DA)","500,0",,70,05/12/2024,22/03/2024,4,,03/04/2024,"588,6788",Vero
AUSSCO,101,S15-60008V3DN2,"Muriel 600/83f36 nero dc 1500 st. 4,7 (EH)","5,0",04/04/2024,,,,,,,,Vero
FGP,103,X23-31094DN3813,"Ly310/78f68 dc tpm 1500 st. 3,8","550,0",01/07/2024,40,10/10/2024,29/04/2024,3,,13/05/2024,"665,8500",Vero
CALZIFICIO CREMONA,102,X21-2291SF,"K22/44f48 Z tpm 600 st. 2,9 (CL)","215,0",18/04/2024,25,15/10/2024,08/04/2024,2,,12/04/2024,"228,00",Vero
SCORTA,105,4424ZN/F,"Ly44/44f34 Z tpm 1000 st. 3,8 (DI)","230,0",10/04/2024,,,,,,,,Vero
SANYLEG,104,2274ZN2,"Cr22/78f24 Z tpm 600 st. 3,4 (DE)","630,0",,,,,,,,,Vero
SANYLEG,106,X23-4496V2ZN2,"Ly44/78f70 Z tpm 1000 st. 3,7 (DH)","220,0",,,,,,,,,Vero
SANYLEG,108,X23-4491DF366,"Ly 44/33f34 dc tpm 1150 st. 2,1 (CB)","1.540,0",,68,,09/05/2024,15,,24/07/2024,"1.642,7813",Vero
SANYLEG,109,X24-31001DN366,"Ro 310/33f34 dc  tpm 1030 stiro 5,0 (FA)","576,0",,42,,28/05/2024,4,,12/06/2024,"586,800",Vero
SANYLEG,110,62002DN,"Cr620/78f24 dc tpm 800 st. 4,8","420,0",20/04/2024,,,,,,,,Vero
MANIFATTURA ITALIA CUCIRINI,111,X23-2279ZF,"Ro 22/78f24 Z tpm 400 st. 3,5 (DF)","840,0",15/05/2024,72,21/11/2024,08/05/2024,5,,18/05/2024,"925,7531",Vero
MANIFATTURA ITALIA CUCIRINI,112,X22-2211V2ZF,"Ro 22/78f24 Z tpm 450 st. 3,2 (DC)","140,0",15/05/2024,,,,,,,,Vero
SANYLEG,113,X24-4401S+ZF2,"Ly 44/50f42x2 S+Z tmp 600 st. 3,2","166,0",,,,,,,,,Vero
SCORTA,114,28503ZN,"Ly285/78f68 Z tpm 726 st. 4,6 (EG)","1.120,0",,29,03/10/2024,05/05/2024,4,,17/05/2024,"1.146,2400",Vero
MANIFATTURA ITALIA CUCIRINI,115,X23-2299V5ZF,"Ro 22/78f24 Z tpm 400 st. 3,5 (DF)","360,0",15/05/2024,,,,,,,,Vero
CALZIFICIO CREMONA,122,2265SN2,"Cr22/50f34 S tpm 1000 st. 3,2 (DC)","100,0",12/04/2024,,,,,,,,Vero
SANYLEG,118,X23-47097DN1,"Ro 470/33f34 dc  tpm 1030 stiro 5,0 (FA)","415,0",18/04/2024,42,,13/05/2024,4,,23/05/2024,"480,7600",Vero
SANYLEG,119,X23-4491DF1,"Ly 44/33f34 dc tpm 1150 st. 2,1 (CB)","425,0",18/04/2024,,,,,,,,Vero
CALZIFICIO BRAM,123,X24-2001S+ZN,"Ly 20/8f5 S+Z tpm 1900 st. 2,8 (CI)","84,0",14/04/2024,,,,,,,,Vero
GREENFLEX BV,120,s22-700011DN,"Muriel 7000/167f36 dc tpm 550 st. 5,0 (FA)","120,0",,,,,,,,,Vero
DUELEGS,116,X23-4493S+ZF,"Ly 44/22f20 S+Z tpm 1600 st. 3,7","430,0",,,,,,,,,Vero
FGP,126,X24-2202S+Z colorati,"Cr 22/44f40 S+Z tpm 900 st. 3,2 (DC)","120,0",,,,,,,,,Vero
AMBROFIBRE,124,X23-2280S+ZN,"s22/22f7 S + Z tmp 1550 st. 3,2 GRS (DC)","500,0",,35,18/10/2024,13/04/2024,6,,25/05/2024,"594,00",Vero
RADICI,125,X23-7899ZN,"Cr 78/44f34 Z tpm 600 st.3,2 (DC)","2.196,0",03/06/2024,70,05/12/2024,25/04/2024,10,,04/06/2024,"2.320,9313",Vero
DIAMANT,130,X22-39503DN490,"Ly395/167f36 dc tpm 800 st. 4,15 (EBF)","10,0",20/04/2024,,,,,,,,Vero
CSP INTERNATIONAL,131,7032S+ZN,"Ro 78/11f7 S+Z tpm 1800 st. 3,7 (DH)","450,0",17/05/2024,18,06/10/2024,26/04/2024,2,,30/05/2024,"447,700",Vero
FGP,132,15611DN,"Ro156/44f34 DC tpm 1200 st. 2,7 (CH)","80,0",15/04/2024,,,,,,,,Vero
FRITSCHE,134,S14-60003V2DN 23h,"Mu600/70/1 Nomex DC tpm 1100 st. 4,4 (EE)","750,0",20/06/2024,37,01/10/2024,07/06/2024,12,,20/06/2024,"756,2400",Vero
CALZIFICIO ATHENA,133,X22-7810S-ZN354,"Ly78/50f42 S+Z tpm 110 st.3,5 (EC)","200,0",23/04/2024,,,,,,,,Vero
UTEXBEL,121,S19-60052DN,"Mu600/70/1 Ker/Vfr/arm DC tpm 1100 st. 4,4 (EE)","515,0",,38,,10/05/2024,4,,18/05/2024,"500,4800",Vero
CALZIFICIO TREVER,129,X21-2099S+ZN mini,"Ly 20/13f10 S+Z tpm 1900 st. 2,8 (CI)","2.090,0",,34,27/09/2024,20/04/2024,6,,25/06/2024,"577,200",Vero
,,,,,,33,,17/04/2024,6,,22/06/2024,"577,200",
,,,,,,28,10/10/2024,23/04/2024,6,,28/06/2024,"577,200",
,,,,,,27,01/10/2024,01/05/2024,4,,14/06/2024,"384,800",
SCORTA,135,2246ZN 13500,"Cr22/60f60 Z tpm 500 st. 3,2 (DC)","880,0",,31,,10/05/2024,4,,23/05/2024,"876,1600",Vero
CALZIFICIO BELLAFONTE,138,X24-1701S+ZN,"K 17/8f5 S+Z tpm 2400 stiro 2,9","100,0",,54,,05/05/2024,1,,28/05/2024,"113,6438",Vero
FALKE,139,X22-2005V2ZN vari co,"Ly 20/22f7x2 Z tpm 900 st. 2,9 (CL)","13,0",,69,18/10/2024,09/06/2024,1,34,12/06/2024,"13,7461",Vero
CALZIFICIO BRAM,140,X24-2001S+ZN,"Ly 20/8f5 S+Z tpm 1900 st. 2,8 (CI)","150,0",,60,,30/04/2024,2,,22/05/2024,"150,1500",Vero
SANYLEG,142,X23-4496V2ZN2,"Ly44/78f70 Z tpm 1000 st. 3,7 (DH)","1.000,0",09/05/2024,51,25/11/2024,06/05/2024,5,,31/05/2024,"1.122,1031",Vero
SANYLEG,143,62001DN2,"Ro620/50f34 dc tpm 800 st.5,2","1.000,0",09/05/2024,39,09/10/2024,04/05/2024,4,,19/05/2024,"1.033,200",Vero
FOCENZA FACTORY,141,4424S+ZN/F,"Ly44/44f34 S+Z tpm 1000 st. 3,8 (DI)","220,0",,,,,,,,,Vero
W.ZIMMERMANN,149,4465SN1,"Ro44/16f10 S tpm 1250 st. 2,9 (CL)","1.200,0",02/07/2024,57,,09/05/2024,8,,20/07/2024,"1.218,1950",Vero
FISHER & PAYKEL,150,S19-60064V3DN,"Mu600/78f34 dc  tpm 700 dc st. 4,5 (EF)","360,0",28/08/2024,67,11/11/2024,19/05/2024,4,,22/05/2024,"368,3625",Vero
CALZIFICIO GENNY,147,X22-2203S+ZN,Cr22/78f68 ecocare S+Z tpm 600 st- 3.2 (DC),"220,0",,,,,,,,,Vero
FALKE,14,749DN mini,"Ly20/8f5 dc tpm 3000 st. 2,8 (CI)","440,0",,,,,,,,,Vero
FALKE,107,2277DN mini,"Ly22/8f5 dc tpm 2100 st. 3,4 (DE)","500,0",,,,,,,,,Vero
FALKE,14,749DN mini,"Ly20/8f5 dc tpm 3000 st. 2,8 (CI)","800,0",,,,,,,,,Vero
MEDI,151,S21-100011DN100 A230,"Mu 1000/62f18 dc tpm 800 st. 2,2 (CC)","80,0",15/06/2024,,,,,,,,Vero
CALZIFICIO GENNY,148,X23-7892DN mini,"Ly 78/13f7 dc tpm 1750 st. 3,8 (DI)","115,0",,36,15/11/2024,09/05/2024,2,,27/05/2024,"181,8600",Vero
INVENTEX,154,S15-160018DN,"Mu1600/50/1 kevlar DC tpm 800 st. 5,0 (FA)","580,0",27/05/2024,37,01/10/2024,10/05/2024,3,,15/05/2024,"576,0900",Vero
FALKE,155,X22-2005V2ZN2100,"Ly 20/22f7x2 Z tpm 900 st. 2,9 (CL)","27,0",15/06/2024,69,18/10/2024,11/06/2024,1,68,14/06/2024,"27,4922",Vero
AUSSCO,153,S15-60008V3DNcolorat,"Muriel 600/83f36  dc 1500 st. 4,7 (EH)","10,0",15/05/2024,C2,,14/05/2024,1,26,16/05/2024,"10,3248",Vero
MANIFATTURA ITALIA CUCIRINI,163,X23-2299V5ZF,"Ro 22/78f24 Z tpm 400 st. 3,5 (DF)","1.100,0",,72,21/11/2024,19/05/2024,6,,31/05/2024,"1.110,9038",Vero
RADICI,158,2279ZN1 13200,Cr22/78f68 Z tpm 600 st- 3.2 (DC),"415,0",,46,,10/05/2024,2,,16/05/2024,"415,500",Vero
RADICI,159,2275S+ZN-N00,"Cr22/44f34 S+Z tpm 600 st. 3,2 (DC)","2.485,0",,35,18/10/2024,28/05/2024,12,,28/07/2024,"2.732,8800",Vero
ATHENA,164,4463S+ZN1,"Cr44/44f34 colorwise S+Z tpm 650 st. 3,2 (DC)","860,0",10/06/2024,25,15/10/2024,27/05/2024,4,,16/06/2024,"853,7600",Vero
RADICI,160,2279ZNB10A 14000,Cr22/78f68 Z pink tpm 600 st- 3.2 (DC),"2.090,0",,46,,16/05/2024,12,,22/06/2024,"2.504,8800",Vero
CALZIFICIO CREMONA,161,X20-2222DN2 mini,"KLC22 nero/11f7 recy nero dc tpm 2000 st. 2,9 (CL)","40,0",,,,,,,,,Vero
CALZIFICIO GENNY,162,X24-4403DN,"Ly 44-11f5 dc tpm 1900 st. 3,5 (DF)","240,0",,67,11/11/2024,14/05/2024,2,,16/06/2024,"239,8481",Vero
FILTRADING,165,X21-1796ZN,"K17/8f5 Z tpm 750 st. 3,3 (DD)","20,0",,21,04/10/2024,13/05/2024,1,70,20/05/2024,"21,5250",Vero
MARYGOLD,167,X23-1299DN mini,"Ly 12/8f5 dc tpm 2600 st. 2,6 (CG)","130,0",25/06/2024,36,15/11/2024,18/05/2024,2,,05/07/2024,"148,9800",Vero
CALZIFICIO CREMONA,161,X20-2222DN2 mini,"KLC22 nero/11f7 recy nero dc tpm 2000 st. 2,9 (CL)","40,0",,69,18/10/2024,14/05/2024,1,96,01/06/2024,"40,1250",Vero
FGP,166,31003DN9000,"Ly310/78f68 dc tpm 1200 st. 3,8","110,0",,40,10/10/2024,23/05/2024,1,124,27/05/2024,"107,4538",Vero
SCORTA,168,4466S+ZN,"Ly44/22f7 S+Z tpm 1900 stiro 3,6 (DG)","528,0",,18,06/10/2024,30/05/2024,4,,08/07/2024,"518,4520",Vero
CSP PARIS,169,4412SN,"Ly 44/13f7 S+Z tpm 1700 st. 3,8 (DI)","140,0",,21,04/10/2024,27/05/2024,1,,09/06/2024,"147,600",Vero
DIAMANT,170,39502DN-14446,"Ly395/167f96 dc tpm 800 st. 4,15 (EBF)","175,0",20/06/2024,38,,31/05/2024,1,218,01/06/2024,"176,1287",Vero
DIAMANT,171,39502DN2,"Ly395/167f96 dc tpm 800 st. 4,15 (EBF)","85,0",20/06/2024,38,,29/05/2024,1,106,30/05/2024,"85,6405",Vero
DIAMANT,173,X22-39503DN490,"Ly395/167f36 dc tpm 800 st. 4,15 (EBF)","15,0",20/06/2024,38,,29/05/2024,1,32,30/05/2024,"25,8538",Vero
PIEFFE SPORT,172,S18-200014DN,"Mu2000/62f18 DC tpm 700 st. 3,6 (DG)","4,50",,C2,,20/05/2024,1,24,21/05/2024,"12,2925",Vero
FALKE,174,X20-2219ZF1,"K22/11f7 recy 50 S+Z  tpm 1900 st. 2,8 (CI)","130,0",25/07/2024,27,01/10/2024,07/06/2024,1,,24/06/2024,"129,600",Vero
FOCENZA FACTORY,176,4424S+ZN/F,"Ly44/44f34 S+Z tpm 1000 st. 3,8 (DI)","1.368,0",30/11/2024,52,01/10/2024,24/05/2024,6,,11/07/2024,"1.419,1650",Vero
CALZIFICIO SANBA,177,4424ZN,"Ly44/44f34 Z tpm 1000 st. 3,8 (DI)","912,0",30/11/2024,52,01/10/2024,04/06/2024,4,,06/07/2024,"946,1100",Vero
FISHER & PAYKEL,178,X21-39599V7DN0332,"Ly395/78f34x2 dc tpm 700 st. 4,6 (EG) Blu","190,0",20/07/2024,37,01/10/2024,23/06/2024,1,,24/06/2024,"215,2296",Vero
FISHER & PAYKEL,179,X21-39599V7DN0333,"Ly395/78f34x2 dc tpm 700 st. 4,6 (EG) Grey","190,0",20/07/2024,38,,01/07/2024,1,,02/07/2024,"215,2296",Vero
SCORTA,175,S18-160040DN,"Mu1600/62f18 solvron dc tpm 700 st. 3,6 (DG)","4,0",,C2,,23/05/2024,1,,23/05/2024,"4,6125",Vero
SANYLEG,181,62001DN2,"Ro620/50f34 dc tpm 800 st.5,2","516,0",,39,09/10/2024,29/05/2024,2,,05/06/2024,"516,600",Vero
GREVE & CO. WEBEREI,180,S21-60091V3DN   A230,"Muriel 600/70/62f18 dc tpm 900 stiro 2,2 (CC)","82,0",,38,,29/05/2024,2,150,31/05/2024,"88,8281",Vero
CALZIFICIO TREVER,182,13005ZF-14000,"Ly130/33f20 Z tpm 900 st. 4,2 (EC)","100,0",,29,03/10/2024,24/06/2024,1,,29/06/2024,"188,800",Vero
FGP,183,X24-2202S+Z colorati,"Cr 22/44f40 S+Z tpm 900 st. 3,2 (DC)","213,0",,51,25/11/2024,03/06/2024,2,,09/06/2024,"233,8875",Vero
SCORTA,1831,4407DN,"Ly44/13f7 dc tpm 1750 st. 3,8 (DI)","1.200,0",,61,,30/05/2024,6,,14/08/2024,"1.236,6900",Vero
SCORTA,187,X21-20099DN2,"Ly200/22f10 DC tpm 1500 st. 4,6 (EG)","420,0",,38,,11/06/2024,3,,29/06/2024,"417,2850",Vero
FALKE,186,ManilaZN1,"K22/11f5 Z tpm 2500 st. 2,6 (CG)","120,0",,14,,31/05/2024,1,,23/06/2024,"126,1550",Vero
SANYLEG,188,33002DN,"Ly330/22f7 dc tpm 1200 st. 4,8 (EI)","414,0",,41,19/11/2024,24/06/2024,2,,05/07/2024,"416,1600",Vero
SCORTA,189,62001DN1,"Ro620/44f34 dc tpm 800 st. 5,2 (FC)","245,0",,,,,,,,,Vero
ALPIN CORAP,191,23505DN2,"Ly235/78f24x2 dc tpm 780 st. 4,15 (EBF)","10,0",,C2,,11/06/2024,1,12,13/06/2024,"10,6136",Vero
ALLERGO SYSTEM,192,4462ZN2,"Cr44/78f68 nero Z tpm 1000 st. 3,2 (DC)","33,0",,,,,,,,,Vero
SANYLEG,194,4450ZN,"Cr44/60f60 Z tpm 900 st. 3,4 (DE)","912,0",,71,06/11/2024,20/06/2024,4,,14/07/2024,"915,7088",Vero
SCORTA,195,2246ZN 13500,"Cr22/60f60 Z tpm 500 st. 3,2 (DC)","660,0",,44,11/10/2024,24/06/2024,3,,03/07/2024,"657,1200",Vero
GIZETA,185,13007ZN/F-14500,"Ly130/33f20 Z tpm 900 st. 4,2 (EC)","1.128,0",,43,29/09/2024,25/06/2024,3,,09/07/2024,"564,300",Vero
,,,,,,31,,27/06/2024,3,,11/07/2024,"564,300",
ATHENA,196,X22-7810S-ZN354,"Ly78/50f42 S+Z tpm 110 st.3,5 (EC)","250,0",,22,30/10/2024,24/06/2024,2,,08/07/2024,"478,500",Vero
DIAMANT,197,39501DN,"Ly395/44f34 dc tpm 1000 st. 4,8 (EI)","100,0",,,,,,,,,Vero
SANYLEG,193,2274ZN,"Cr22/78f24 Z tpm 600 st. 3,4 (DE)","2.000,0",01/07/2024,70,05/12/2024,18/06/2024,10,,18/07/2024,"2.075,700",Vero
FEIN ELAST GRABHER,198,10353ZF,"Ly 78/44f13 Z tpm 1100 st. 2,6 (CG)","170,0",,22,30/10/2024,19/06/2024,1,,23/06/2024,"179,5200",Vero
INNOVAKNIT,199,S18-200014DN,"Mu2000/62f18 DC tpm 700 st. 3,6 (DG)","10,0",,,,,,,,,Vero
MICHELE LETIZIA,200,X24-7802S+ZN,Cr 78-44f72 S+Z tpm 900 st. 3.4 (DE),"584,0",,60,,27/06/2024,4,,13/07/2024,"616,5225",Vero
FISHER & PAYKEL,201,X21-39599V7DN0333,"Ly395/78f34x2 dc tpm 700 st. 4,6 (EG) Grey","190,0",,37,01/10/2024,16/07/2024,1,,17/07/2024,"215,2296",Vero
FISHER & PAYKEL,202,X21-39599V7DN0332,"Ly395/78f34x2 dc tpm 700 st. 4,6 (EG) Blu","190,0",,37,01/10/2024,16/07/2024,1,,17/07/2024,"215,2296",Vero
FGP,203,X24-15601S+ZF colora,"Cr 156/44f40 S+Z tpm 900 st. 3,3 (DD)","50,0",,C3,,20/06/2024,4,12,14/07/2024,"57,7800",Vero
SANYLEG,205,X24-2213ZN2,"Cr22/78f70 Z tpm 1000 st.3,2 (DC)","100,0",,60,,25/06/2024,1,,27/06/2024,"102,4650",Vero
MAXIS,206,1731DN,"K17/22f20 DC tpm 1600 st. 2,8 (CI)","400,0",,68,,24/06/2024,4,,29/07/2024,"406,6528",Vero
SANYLEG,178,4450ZN,"Cr44/60f60 Z tpm 900 st. 3,4 (DE)","150,0",,,,,,,,,Vero
MANIFATTURA ITALIA CUCIRINI,207,4428ZN/F,"Cr44/44f13 Z tpm 1000 st. 3,6 (DG)","280,0",08/07/2024,14,,01/07/2024,2,,09/07/2024,"282,7200",Vero
ATHENA,208,4463S+ZN1,"Cr44/44f34 colorwise S+Z tpm 650 st. 3,2 (DC)","660,0",15/07/2024,,,,,,,,Vero
FALKE,204,X23-3398V2S+ZN,"Cr 33/44f34 riciclato S+Z tpm 1200 st. 2,8","10,0",,C3,,08/07/2024,1,22,13/07/2024,"10,7585",Vero
PIEFFE SPORT,209,S18-200014DN,"Mu2000/62f18 DC tpm 700 st. 3,6 (DG)","24,0",,C2,,28/06/2024,1,,29/06/2024,"16,3900",Vero
CALZIFICIO TREVER,210,X23-13097V5ZF,"Cr 130/33f20 par Z tpm 900 st. 4,2 (EC)","180,0",,29,03/10/2024,28/06/2024,1,,02/07/2024,"180,4200",Vero
CALZIFICIO TREVER,210,X23-13097V5ZF,"Cr 130/33f20 par Z tpm 900 st. 4,2 (EC)","180,0",,,,,,,,,Vero
MANIFATTURA ITALIA CUCIRINI,211,X21-2278V4DN,"K 22-11f8 dc tpm 2100 st. 2,5 (CF)","200,0",,67,11/11/2024,03/07/2024,2,,06/08/2024,"200,9700",Vero
SANYLEG,213,X24-4401ZF,"Ly 44/50f42x2 S+Z tmp 600 st. 3,2","248,0",,72,21/11/2024,10/07/2024,3,,16/07/2024,"463,5984",Vero
APPLE,221,S18-60042V2DN,Muriel 600/62f18 dc tpm 700 st. 4 (EA),"130,0",,69,18/10/2024,13/07/2024,2,,15/07/2024,"155,6363",Vero
SANYLEG,219,X23-4496V2ZN2,"Ly44/78f70 Z tpm 1000 st. 3,7 (DH)","440,0",15/09/2024,72,21/11/2024,17/07/2024,2,,27/07/2024,"448,8413",Vero
SANYLEG,218,20099ZF,"Ly 200/33f20 Z tpm 900 st. 4,5 (EF)","440,0",15/09/2024,23,,09/07/2024,2,,19/07/2024,"442,6800",Vero
HEXONIA GMBH,215,S18-200017DN2,"Mu2000+62f18/62f18 DC tpm 800 st. 1,8 (BI)","30,0",,37,01/10/2024,12/07/2024,1,,12/07/2024,"28,6800",Vero
MANIFATTURA ITALIA CUCIRINI,223,7005ZF,"Ly78/44F13 Z TPM 900 st. 4,2 (EC)","340,0",24/07/2024,22,30/10/2024,15/07/2024,2,,23/07/2024,"325,2400",Vero
FGP,203,X24-15601ZF,"Cr 156/44f40 S+Z tpm 900 st. 3,3 (DD)","50,0",,,,,,,,,Vero
SANYLEG,205,X24-2213ZN2,"Cr22/78f70 Z tpm 1000 st.3,2 (DC)","100,0",,,,,,,,,Vero
CALZIFICIO TREVER,210,X23-13097V5ZF,"Cr 130/33f20 par Z tpm 900 st. 4,2 (EC)","180,0",,,,,,,,,Vero
DIAMANT,212,X24-39501V2DN-W73,"Ly 395-230 airmax dc  tpm 780 st. 3,95","10,0",,,,,,,,,Vero
MARYGOLD,216,2223DN mini,"Cr22/8f5 dc tpm 2000 st. 3,2 (DC)","113,0",,6,24/10/2024,15/07/2024,1,,03/08/2024,"81,7200",Vero
DIAMANT,217,X24-39501V2DN-W73,"Ly 395-230 airmax dc  tpm 780 st. 3,95","10,0",,C2,,12/07/2024,1,,12/07/2024,"12,4200",Vero
SCORTA,224,7035DN1,"Ly 78/13f5 dc tpm 2100 stiro 3,2 (DC)","480,0",,67,11/11/2024,22/07/2024,3,,10/09/2024,"485,0381",Vero
SCORTA,225,15613DN1,"Ly 156/13f5 dc tpm 2000 stiro 3,7 (DH)","472,0",,69,18/10/2024,19/07/2024,2,,24/08/2024,"468,9506",Vero
SCORTA,226,S18-200014DN,"Mu2000/62f18 DC tpm 700 st. 3,6 (DG)","27,0",,37,01/10/2024,17/07/2024,1,56,18/07/2024,"28,6825",Vero
DIAMANT,227,X24-39501V2DN-W73,"Ly 395-230 airmax dc  tpm 780 st. 3,95","36,0",,37,01/10/2024,16/07/2024,1,100,16/07/2024,"38,8125",Vero
MEDI,238,X23-4489DN,"roica 44/44f13x2/56f34x2 dc tpm 500 st. 2,8 (CI)","6.000,0",,,,,,,,,Vero
MANIFATTURA ITALIA CUCIRINI,228,X22-2211ZF1,"Ro 22/78f24 Z tpm 450 st. 3,2 (DC)","200,0",,71,06/11/2024,19/07/2024,1,,21/07/2024,"206,6006",Vero
MANIFATTURA ITALIA CUCIRINI,229,X23-2299V5ZF,"Ro 22/78f24 Z tpm 400 st. 3,5 (DF)","534,0",28/08/2024,71,06/11/2024,19/07/2024,3,,25/07/2024,"555,4519",Vero
FISHER & PAYKEL,230,X21-39599V7DN0332,"Ly395/78f34x2 dc tpm 700 st. 4,6 (EG) Blu","190,0",,,,,,,,,Vero
FISHER & PAYKEL,231,X21-39599V7DN0333,"Ly395/78f34x2 dc tpm 700 st. 4,6 (EG) Grey","190,0",,,,,,,,,Vero
FEIN ELAST GRABHER,235,10985ZF spole 880 gr,"Ly44/78f68 Z tpm 1000 st. 3,3 (DD)","804,0",,60,,19/07/2024,3,,05/08/2024,"804,1584",Vero
APPLE,239,S600A16ZN100,"Muriel 600-62f18 Z tpm 700 st. 4,0","130,0",,,,,,,,,Vero
FALKE,240,X24-1301V2S+ZN mini,"Ly 13/11f8 S+Z tpm 2400 st. 2,9 (CL)","10,0",,C3,,23/07/2024,1,32,12/08/2024,"13,0900",Vero
DIAMANT,241,39502DN2,"Ly395/167f96 dc tpm 800 st. 4,15 (EBF)","10,0",,,,,,,,,Vero
FRITSCHE,244,S21-60090DN100,"Mu600/70/1 Nomex DC tpm 1100 st. 4,4 (EE)","256,0",,37,01/10/2024,26/08/2024,2,,29/08/2024,"262,300",Vero
ALPIN CORAP,246,23505DN2,"Ly235/78f24x2 dc tpm 780 st. 4,15 (EBF)","50,0",,40,10/10/2024,26/08/2024,1,56,28/08/2024,"49,5303",Vero
CALZIFICIO TREVER,247,4464ZN,"K44/13f10 Z tpm 1800 st. 2,8 (CI)","65,0",,28,10/10/2024,26/08/2024,1,128,05/09/2024,"64,6650",Vero
APPLE,248,S18-60042V4DN,Muriel 600/62f18 dc tpm 700 st. 4 (EA),"26,0",,,,,,,,,Vero
CALZIFICIO GENNY,249,X22-2203S+ZN,Cr22/78f68 ecocare S+Z tpm 600 st- 3.2 (DC),"426,0",15/09/2024,35,18/10/2024,02/09/2024,2,,08/09/2024,"426,300",Vero
ALLERGO SYSTEM,250,4462ZN2,"Cr44/78f68 nero Z tpm 1000 st. 3,2 (DC)","110,0",15/09/2024,14,,02/09/2024,1,,05/09/2024,"140,3900",Vero
MICHELE LETIZIA,251,X24-7802S+ZN,Cr 78-44f72 S+Z tpm 900 st. 3.4 (DE),"300,0",15/09/2024,59,05/10/2024,03/09/2024,2,,11/09/2024,"308,2613",Vero
MANIFATTURA ITALIA CUCIRINI,252,X24-2212ZF,"Cr 22/44f12 grs tpm 800 st 3,2 (DC)","220,0",20/09/2024,71,06/11/2024,03/09/2024,2,,09/09/2024,"231,00",Vero
APPLE,248,S18-60042V4DN,Muriel 600/62f18 dc tpm 700 st. 4 (EA),"26,0",,,,,,,,,Vero
SCORTA,256,S18-160040DN,"Mu1600/62f18 solvron dc tpm 700 st. 3,6 (DG)","5,0",20/09/2024,,,,,,,,Vero
SCORTA,258,2246ZN 10800,"Cr22/60f60 Z tpm 500 st. 3,2 (DC)","1.250,0",,44,11/10/2024,12/09/2024,6,,06/10/2024,"1.328,0400",Vero
SCORTA,257,4412S+ZN,"Ly 44/13f7 S+Z tpm 1700 st. 3,8 (DI)","280,0",,18,06/10/2024,09/09/2024,2,,04/10/2024,"295,200",Vero
SCORTA,264,1730S+ZN mini,"K17/11f16 S+Z tpm 2150 st.2,8 (CI)","176,0",,34,27/09/2024,14/09/2024,1,448,27/09/2024,"154,9800",Vero
MICHELE LETIZIA,267,X24-7802S+ZN,Cr 78-44f72 S+Z tpm 900 st. 3.4 (DE),"600,0",,59,05/10/2024,18/09/2024,4,,04/10/2024,"616,5225",Vero
CALZIFICIO CREMONA,269,X20-2222DN2,"KLC22 nero/11f7 recy nero dc tpm 2000 st. 2,9 (CL)","5,0",,C4,07/10/2024,19/09/2024,1,14,07/10/2024,"5,8516",Vero
FEIN ELAST GRABHER,270,10985ZF spole 880 gr,"Ly44/78f68 Z tpm 1000 st. 3,3 (DD)","804,0",,,,,,,,,Vero
DIAMANT,273,X24-39501V2DN-W73,"Ly 395-230 airmax dc  tpm 780 st. 3,95","10,0",,,,,,,,,Vero