codarticolo,descrizione,anima,copertura,spire_reali,velocita calcolata,kg_ora,spandex,ciclo,no_cicli,ore_levata,Divisore,peso elastomero,Peso spola,programma ribobinatura S,programma ribobinatura Z,programma termofissaggio,kw tempo,kw percentuale,fine validita
10353ZF,"Ly 78/44f13 Z tpm 1100 st. 2,6 (CG)",Lycra 78 162C,44f13 test. S PA 66,1050,17200,"1,87","2,76",2 x 4 gg (192),2,96,,530,435,,25,4,,,
10369ZF/2013,"Cr 44/78f18 Z tpm 600 st. 3,7 (DH)",Creora 44 H350,78f18 Z  PA 6 vari colori,600,13200,"3,15","1,49",5 x 3 gg + 4 h (378),5,"75,6",,550,803,,41,6,,,
10369ZF2,"Cr 44/78f18 Z tpm 600 st. 3,7 (DH)",Creora 44 H350,78f18 Z PA 6 francia e nero,600,13200,"3,15","1,49",5 x 3 gg + 4 h (378),5,"75,6",,550,803,,41,11,,,
10985ZF,"Ly44/78f68 Z tpm 1000 st. 3,3 (DD)",Lycra 44 162C,78f68 test. S PA 66,960,13500,"2,05","1,1",4 x 4 gg + 22 h (472),4,118,,517,820,,41,11,,,
10985ZF spole 880 gr,"Ly44/78f68 Z tpm 1000 st. 3,3 (DD)",Lycra 44 162C,78f68 test. S PA 66,960,12300,"1,87",1,3 x 5 gg + 19 h (417) 420 gr lycra,3,139,,517,880,,41,11,,,
10996SN,"Cr44/22f7 S tpm 650 st. 3,5 (DF)",Creora 44 H350,22f7 parallelo PA 66,630,17500,"1,51","2,12",3 x 3 gg + 20 h (278),3,95,,550,390,9,,,,,
10996ZN,"Cr44/22f7 Z tpm 650 st. 3,5 (DF)",Creora 44 H350,22f7 parallelo PA 66,630,18500,"1,51","2,12",3 x 3 gg + 23 h (285),3,95,,550,390,,32,,,,
11006ZF,"Ro15/22f14 Z tpm 1430 st. 3,0 (DA)",Roica 15 C804,22f14 test. S PA 66,1400,16700,"0,51","0,34",4 x 9 gg + 20 h (943),4,"235,75",,312,390,,51,19,,,
11007SF 2 cicli,"Ro15/11f7 S tpm 2180 st. 2,75 (CHF)",Roica 15 C804,11f7 test. Z PA 66,2180,19500,"0,23","0,26",2 x 24 gg+ 21 h (1195),2,"597,5",,312,370,2,,5,,,
11007SF 3 cicli,"Ro15/11f7 S tpm 2180 st. 2,75 (CHF)",Roica 15 C804,11f7 test. Z PA 66,2180,20200,"0,23","0,27",2 x 16 gg (1154),3,385,,312,250,2,,5,,,
11008ZF,"Ro22/22f14 Z tpm 1400 st. 3,85 (DIF)",Roica 22 C804,22f14 test. S PA 66,1390,18900,"0,6","0,44",6 x 8 gg + 14 h (1236),6,206,,400,423,,3,17,,,
11011ZF2,"Ro22/22f7 Z tpm 1400 st. 3,85 (DIF)",Roica 22 C804,22f7 test. S nero PA 66,1390,18000,"0,61","0,42",7 x 8 gg (1345),6,"224,17",,400,365,,,11,,,
1101DN,"Ly11/8f5 dc tpm 2600 st. 2,6 (CG)",Lycra 11 165C,8f5 parallelo PA 66,2600,20700,"0,13","0,18",2 x 19 gg + 1 h (914),2,457,,166,185,,4,,,,
1283S+ZN,"Ly22/11f7 S+Z tpm 2050 st. 3,8 (DI)",Lycra 22 16AL,11f7 poy PA 66,2050,20500,"0,26","0,33",2 x 19 gg + 22 h (956),2,478,,320,360,2,1,,,,
1283SN,"Ly22/11f7 S tpm 2050 st. 3,8 (DI)",Lycra 22 16AL,11f7 poy PA 66,2050,20500,"0,26","0,33",2 x 19 gg + 22 h (956),2,478,,320,360,2,,,,,
1283ZN,"Ly22/11f7 Z tpm 2050 st. 3,8 (DI)",Lycra 22 16AL,11f7 poy PA 66,2050,20500,"0,26","0,33",2 x 19 gg + 22 h (956),2,478,,320,360,,1,,,,
13005ZF-14000,"Ly130/33f20 Z tpm 900 st. 4,2 (EC)",Lycra 130 902C,33f20 parallelo PA 66,855,14000,"1,6","2,96",3 x 4 gg + 22 h (345),3,118,,1046,390,,26,11,05:00:00,1,
13005ZF-600gr,"Ly130/33f20 Z tpm 900 st. 4,2 (EC)",Lycra 130 902C,33f20 parallelo PA 66,855,14500,"1,69","3,07",2 x 4 gg (192),2,96,,1046,370,,26,11,05:00:00,1,
13005ZF 17600,"Ly130/33f20 Z tpm 900 st. 4,2 (EC)",Lycra 130 902C,33f20 parallelo PA 66,855,18000,"2,09","3,8",3 x 3 gg + 21 h (277),3,"92,3",,1046,420,,26,11,05:00:00,1,
13006DN,Ly130/78f24x2 DC tpm 700 st. 4 (EA),Lycra 130 902C,78f24x2 PES nero starfeel,700,10800,"4,19","2,87",8 x 1 gg + 22 h (368),8,46,,1046,697,,38,,,,
13007Z,"Ly130/33f20 Z tpm 900 st. 4,2 (EC)",Lycra 130 902C,33f20 test. S PA 66,900,18000,"2,09","3,8",3 x 3 gg + 21 h (277),3,"92,3",,1046,420,,26,11,05:00:00,1,
13007ZF 903C 14000,"Ly130/33f20 Z tpm 900 st. 4,2 (EC)",Lycra 130 903C,33f20 test. S PA 66,900,14000,"1,59","2,94",3 x 4 gg + 19 h (346),3,115,,1020,380,,19,11,05:00:00,1,
13007ZN/F-14500,"Ly130/33f20 Z tpm 900 st. 4,2 (EC)",Lycra 130 902C,33f20 test. S PA 66,900,14500,"1,65","3,07",3 x 4 gg + 18 h (342),3,114,,1046,390,,19,11,05:00:00,1,
1301ZN,"Ly130/22f7x2 Z tpm 800 st. 4,2 (EC)",Lycra 130 902C,22f7x2 test. PA 66,800,14500,"1,99","3,07",3 x 4 gg + 19 h (344),3,"114,67",,1046,540,,46,,,,
1306S+ZN,"Ly13/33f34 S+Z  tpm 800 st. 2,6 (CG)",Lycra 13 16LL,33f34 test. S+Z PA 66,800,13200,"1,01","0,43",9 x 4 gg + 11 h (964),9,"107,11",,411,375,39,3,,,,
1306SN,"Ly13/33f34 S  tpm 800 st. 2,6 (CG)",Lycra 13 16LL,33f34 test. Z PA 66,800,13200,"1,01","0,43",9 x 4 gg + 11 h (964),9,"107,11",,411,375,39,,,,,
1306ZN,"Ly13/33f34 S  tpm 800 st. 2,6 (CG)",Lycra 13 16LL,33f34 test. Z PA 66,800,13200,"1,01","0,43",9 x 4 gg + 11 h (964),9,"107,11",,411,375,,3,,,,
1307ZF,"Ly13/26f28 Z tpm 1500 st. 2,5 (CF)",Lycra 13 16LL,26f28 test. S PA 66,1500,15000,"0,48","0,25",7 x 9 gg + 22 h (1663),7,"237,57",,411,390,,19,4,,,
15611DN,"Ro156/44f34 DC tpm 1200 st. 2,7 (CH)",Roica 156 P85B,44f34 test. S+Z PA 66 breeze,1200,12900,"1,41","3,68",2 x 2 gg + 23 h (141) /2,4,"35,25",,520,261,,38,,,,
15612DN,"Ro156/78f68 DC tpm 1200 st. 2,7 (CH)",Roica 156 P85B,78f68 test. S+Z  PA 66 breeze,1200,12700,"1,98","3,62",3 x 2 gg (144),3,48,,520,425,,38,,,,
15613DN1,"Ly 156/13f5 dc tpm 2000 stiro 3,7 (DH)",Lycra 156 162C,13f5 parallelo PA 66,1850,18500,"0,53","2,41",1 x 18 gg (432) /2,2,429,2,1063,370,,33,,,,
1561ZF,"Ly156/33f10 Z tpm 900 st. 4,3 (ED)",Lycra 156 162C,33f10 test. S PA 66,900,16100,"1,95","3,9",3 x 3 gg + 19 h (273),3,91,,1063,338,,46,9,,,
1563ZN,"El156/33f10 Z tpm 900 st. 4,0 (EA)",Elaspan 156 E02C,33f10 test. S PA 66,900,16200,"2,02","4,16",2 x 5 gg  (240),2,120,,,450,,26,,,,
1566SN,"Ro156/44f12 S tpm 900 st. 3,6 (DG)",Roica 156 P85B,44f12 test. S PA 6,900,16300,"2,48","4,65",1 x 4 gg + 12 h (108),1,108,,520,540,26,,,,,
1566ZN,"Ro156/44f12 Z tpm 900 st. 3,6 (DG)",Roica 156 P85B,44f12 test. S PA 6,900,16300,"2,48","4,65",1 x 4 gg + 12 h (108),1,108,,520,540,,26,,,,
1701S+ZN,"K17/16f10 S+Z tpm 1320 st. 2,6 (CG)",Mobilon 17 K,16f10 test. S+Z PA 66,1250,19500,"0,56","0,61",3 x 8 gg (578),3,192,,355,303,11,12,,,,
1701SN,"K17/16f10 Z tpm 1320 st. 2,6 (CG)",Mobilon 17 K,16f10 test. Z PA 66,1250,19500,"0,56","0,61",3 x 8 gg (578),3,192,,355,303,11,,,,,
1701ZN,"K17/16f10 Z tpm 1320 st. 2,6 (CG)",Mobilon 17 K,16f10 test. Z PA 66,1250,19500,"0,56","0,61",3 x 8 gg (578),3,192,,355,303,,12,,,,
1702ZN2,"K17/22f7/44f34 DC  nero st. 2,8 (CI)",Mobilon 17 K,22f7 bx par/44f34 S bk nero PA 66,2100,22000,"0,41","0,32",2 x 19 gg  (926),2,463,,355,,,,,,,
1704S+ZN,"Ly 17/11f7 S+Z tpm 1700 st. 3,45 (DEF)",Lycra 17 16AL,11f7 POY PA 66,1650,21000,"0,31","0,34",3 x 13 gg + 23 h (1004),3,"334,67",,400,295,12,11,,,,
1704SN,"Ly 17/11f7 S+Z tpm 1700 st. 3,45 (DEF)",Lycra 17 16AL,11f7 POY PA 66,1650,21000,"0,31","0,34",3 x 13 gg + 23 h (1004),3,"334,67",,400,295,12,,,,,
1704ZN,"Ly 17/11f7 S+Z tpm 1700 st. 3,45 (DEF)",Lycra 17 16AL,11f7 POY PA 66,1650,21000,"0,31","0,34",3 x 13 gg + 23 h (1004),3,"334,67",,400,295,,11,,,,
1706S+ZN,"Ly 17/22f20 S+Z tpm 1000 st. 3,2 (DC)",Lycra 17 16AL,22f20 test. S+Z PA 66,975,18000,"0,8","0,53",4 x 4 gg + 13 h (434),4,"108,5",,400,288,28,24,,,,
1710SN2,"K17/17f3/44f34 nero st. 2,8 (CI)",mobilon 17 k,17f3 bx/44f34 S bk nero  PA 66,800,15600,"1,08","0,73",7 x 2 gg + 22 h (488),7,"69,71",,355,,59,,,,,
1723ZN1,"Cr17/22f7 Z tpm 1100 st. 3,2 (DC)",Creora 17 H350,22f7 test. S PA66,1050,18500,"0,75","0,51",6 x 5 gg + 22 h (850),4,169,,422,346,,3,,,,
1723ZN2,"Cr17/22f7 Z tpm 1100 st. 3,2 (DC)",Creora 17 H350,22f7 test. S PA66,1050,18500,"0,75","0,51",6 x 5 gg + 22 h (850),4,169,,422,346,,3,,,,
1724S+ZN,"K17/10f2 S+Z tpm 2100 st. 2,6 (CG)",Mobilon 17 K,10f2 kafilarta PA 6,20200,20200,"0,25","0,37",3 x 13 gg (941),3,314,,355,190,59,58,,,,
1724S+ZN 2cicli,"K17/10f2 S+Z tpm 2100 st. 2,6 (CG)",Mobilon 17 K,10f2 kafilarta PA 6,20200,20200,"0,25","0,37",2 x 19 gg + 14 h (941),2,"470,36",,355,285,59,58,,,,
1725DN,"Cr17/78f46 dc tpm 900 2,6 (CG)",Creora 17 H350,78f46 test. S+Z PA 66,900,12500,"1,78","0,52",7 x 4 gg + 21 h (820),7,117,2,422,800,,7,,,,
1725DN racc 230,"Cr17/78f46 dc tpm 900 st. 2,6 (CG)",Creora 17 H350,78f46 test. S+Z PA 66,900,12500,"1,78","0,52",7 x 4 gg + 21 h (820),7,117,,422,800,,7,,,,
1726S+ZN,"Ly17/40f40 S+Z tpm 600 st. 3,2 (DC)",Lycra 17 16AL,40f40 test. S+Z PA 66,580,12300,"1,52","0,61","4 x 6 gg + 20 h (657,5)",4,"164,37",,400,878,16,23,,,,
1728DN,"Cr17/78f34 dc tpm 900 st. 2,5 (CF)",Creora 17 H350,78f34 test. S+Z PA 66,900,13300,"1,93","0,54",11 x 3 gg + 5 h (848),11,"77,09",,422,770,,7,,,,
1729S+ZN,"K17/5f3 S+Z tpm 2700 st. 2,6 (CG)",Mobilon 17 K,5f3 poy PA 66,2600,21000,"0,15","0,32",2 x 23 gg + 8 h (1120),2,560,,355,142,,2,,,,
1730S+ZN,"K17/11f16 S+Z tpm 2150 st. 2,8 (CI)",Mobilon 17 K,11f16 miracosmo PA 6,2120,21000,"0,27","0,36",3 x 13 gg + 16 h (984),3,328,,355,225,59,58,,,,
1730S+ZN mini,"K17/11f16 S+Z tpm 2150 st.2,8 (CI)",Mobilon 17 K,11f16 miracosmo PA 6,2120,21000,"0,27","0,36",3 x 13 gg + 16 h (984),3,328,,355,,59,58,,,,
1731DN,"K17/22f20 DC tpm 1600 st. 2,8 (CI)",Mobilon 17 K,22f20 test. S+Z PA 66,1550,18000,"0,47","0,42",4 x 8 gg + 18 h (839),4,"209,75",,355,340,,4,,,,
1731DN 5cicli,"K17/22f20 DC tpm 1600 st. 2,8 (CI)",Mobilon 17 K,22f20 test. S+Z PA 66,1550,18000,"0,48","0,42",5 x 7 gg (840),5,"168,12",,355,275,,4,,,,
1732DN1,"K17/5f3 dc tpm 3000 st. 2,8 (CI)",Mobilon 22 K,5f3 POY PA 66,2800,21000,"0,1","0,27",2 x 27 gg (1295),2,"647,5",,440,190,,29,,,,
2008DN,"Ly 200/33f10 dc tpm 1100 st. 4,8 (EI)",Lycra 200 902C,33f10 test. S PA 66,1100,18000,"1,37","3,84",2 x 5 gg (240),2,120,,922,415,,46,,,,
20098DN,"Ly200/44f13x2 DC tpm 1000 st. 4,2 (EC)",Lycra 200 902C,44f13x2 test. PA 66,950,14500,"1,71","4,09",5 x 1 gg + 22 h (230),3,46,,922,400,,44,,,,
20098DN-VARI COL,"Ly200/44f13x2 DC tpm 1000 st. 4,2 (EC)",Lycra 200 902C,44f13x2 test. PA 66  vari colori,950,14500,"1,71","4,09",5 x 1 gg + 22 h (230),3,46,,922,400,,44,,,,
20099ZF,"Ly 200/33f20 Z tpm 900 st. 4,5 (EF)",Lycra 200 902C,33f20 test. S PA 66,900,14000,"1,86","3,88",2 x 4 gg + 22 h (238),2,119,,922,405,,96,4,,,
2011DN,"Ly 20/13f10 dc  tpm 2400 st. 3,0 (DA)",Lycra 20 188C,13f10 parallelo PA 66,2340,21000,"0,25","0,35",2 x 14 gg + 23 h (718),2,359,,268,310,,29,,,,
2011DN mini,"Ly 20/13f10 dc  tpm 2400 st. 3,0 (DA)",Lycra 20 188C,13f10 parallelo PA 66 mispole,2340,21000,"0,25","0,35",2 x 14 gg + 23 h (718),2,359,,268,310,,29,,10:00:00,"0,2",
2012S+ZN,"Ly 20/13f14 S+Z  tpm 1400 st. 2,9 (CL)",Lycra 20 77FF,13f14 parallelo PA 66,1400,18500,"0,43","0,55",2 x 9 gg + 20 h (470),2,235,,258,264,36,17,,,,
2013S+ZN,"Ly 20/13f10 S+Z  tpm 1400 st. 2,9 (CL)",Lycra 20 77FF,13f10 parallelo PA 66,1400,18500,"0,43","0,55",2 x 9 gg + 20 h (470),2,235,,258,264,36,17,,,,
2013S+ZN mini,"Ly 20/13f10 S+Z  tpm 1400 st. 2,9 (CL)",Lycra 20 77FF,13f10 parallelo PA 66 minispole,1400,18500,"0,43","0,55",2 x 9 gg + 20 h (470),2,235,,258,264,36,17,,,,
2202ZF,"Cr22/22f7 Z tpm 1100 st. 3,2 (DC)",Creora 22 H350,22f7 test. S PA66,1000,18900,"0,89","0,78",5 x 5 gg + 21 h (705),5,141,,550,370,,3,3,,,
2202ZN,"Cr22/22f7 Z tpm 1100 st. 3,2 (DC)",Creora 22 H350,22f7 test. S PA66,1000,18900,"0,89","0,78",5 x 5 gg + 21 h (705),5,141,,550,370,,3,,,,
2202ZN/F 17200,"Cr22/22f7 Z tpm 1100 st. 3,2 (DC)",Creora 22 H350,22f7 test. S PA66,1000,17200,"0,81","0,71",5 x 6 gg + 11 h (775),5,155,,550,370,,3,3,,,
2204ZF1,"Ly22/13f5 Z tpm 1300 st. 3,8 (DI)",Lycra 22 16AL,13f5 text S PA 66,1300,20200,"0,48","0,55",3 x 7 gg + 22 h (570),3,190,,320,255,,1,3,,,
2205S+ZN,"Ly 22/8f5 S+Z tpm 2800 st. 3,6 (DG)",Lycra 22 16AL,8f5 parallelo PA 66,2700,20000,"0,17","0,26",3 x 16 gg + 15 h (1196),3,"398,67",,320,160,54,55,,,,
2211ZF,"Roica 22/44f24 Z tpm 1000 st. 3,2 (DC)",Roica 22 B845,44f24 cupro,1000,12300,"0,93","0,47",6 x 7 gg + 10 h (1071),6,"178,5",,510,570,,42,11,,,
2218ZN,"Ly22/22f7 Z  tpm 1000 st. 3,8 (DI)",Lycra 22 16AL,22f7 test. S PA66,950,18700,"0,87","0,66",4 x 4 gg + 23 h (475),4,"118,75",,320,330,,3,,,,
2221ZN,"Cr22/44f13 Z tpm 800 st. 3,2 (DC)",Creora 22 H350,44f13 test. S PA 66,800,15000,"1,51","0,73",10 x 3 gg (725),3,"24,16",,550,380,,53,,,,
2223DN,"Cr22/8f5 dc tpm 2000 st. 3,2 (DC)",Creora 22 H350,8f5 parallelo PA 66,2000,20500,"0,18","0,4",3 x 18gg + 22 h (1362),3,454,,550,245,,4,,,,
2223DN mini,"Cr22/8f5 dc tpm 2000 st. 3,2 (DC)",Creora 22 H350,8f5 parallelo PA 66 minispole,2000,20500,"0,18","0,4",3 x 18gg + 22 h (1362),3,454,,550,245,,4,,,,
2226ZN2,"Ly22/44f34 S+Z tpm 1000 st. 3,6 (DG)",Lycra 22 16AL,44f34 test. Z  PA 66 nero,900,18000,"1,6","0,71",6 x 3 gg + 2 h (442),6,"73,67",,320,410,,23,,,,
2235ZN,"Ro 22/13f5 Z tpm 1750 st. 3,2 (DC)",Roica 22 B845,13f5 test. S PA 66,1650,20200,"0,38","0,48",4 x 11 gg (1055),4,"263,75",,510,270,,1,,,,
2236S-ZN1,"Cr22/44f34 S+Z tpm 900 st. 3,2 (DC)",Creora 22 H350,44f34 test. S+Z PA 66,900,15500,"1,35","0,68",9 x 3 gg +18 h (810),9,90,,550,430,,53,,,,
2236ZN,"Cr22/44f34 Z tpm 900 st. 3,2 (DC)",Creora 22 H350,44f34 test. S PA 66,900,15500,"1,35","0,68",9 x 3 gg +18 h (810),9,90,,550,430,,53,,,,
2238ZN,"Ro22/22f7 Z tpm  1500 st. 3,2 (DC)",Roica 22 B845,22f7 test. S PA66,1420,20200,"0,65","0,55",5 x 7 gg + 14 h (908),5,"181,6",,510,361,,3,,,,
2242ZF,"Ro22/56f30 Z tpm 1000 st. 3,2 (DC)",Roica 22 B845,56f30 cupro,1000,12300,"1,24","0,51",7 x 5 gg + 21 h (989),7,"141,29",,510,590,,42,11,,,
2245ZN,"Ro22/40f40 Z tpm 580 st. 3,2 (DC)",Roica 22 B845,40f40 test. S PA 66,580,10800,"1,4","0,77",4 x 6 gg + 19 h (653),4,"163,25",,510,770,,23,,,,
2246S+ZN,"Cr22/60f60 S+Z tpm 500 st. 3,2 (DC)",Creora 22 H350,60f60 test. S PA 66,500,13500,"2,96","1,03",7 x 3 gg + 4 h (530),7,76,,550,775,16,23,,,,
2246SN,"cr22/60f60 S tpm 500 st. 3,2 (DC)",Creora 22 H350,60f60 test. S PA 66,500,13500,"2,96","1,03",7 x 3 gg + 4 h (530),7,76,,550,775,16,,,,,
2246ZN 10800,"Cr22/60f60 Z tpm 500 st. 3,2 (DC)",Creora 22 H350,60f60 test. S PA 66,500,10800,"2,38","0,85",7 x 3 gg + 20 h (646),7,93,,550,755,,23,,,,
2246ZN 13500,"Cr22/60f60 Z tpm 500 st. 3,2 (DC)",Creora 22 H350,60f60 test. S PA 66,500,13500,"2,96","1,03",7 x 3 gg + 2 h (517),7,74,,550,755,,23,,,,
2250S+ZN,"KL22/11f5 S+Z tpm 1400 st. 2,75 (CHF)",Mobilon 22 KL,11f5 miracosmo PA 6,1400,18400,"0,4","0,65",2 x 13 gg + 19 h (662),2,331,,435,300,36,17,,,,
2250SN,"KL22/11f5 S tpm 1400 st. 2,75 (CHF)",Mobilon 22 KL,11f5 miracosmo PA 6,1400,18400,"0,4","0,65",2 x 13 gg + 19 h (662),2,331,,435,300,36,,,,,
2250ZN,"KL22/11f5 Z tpm 1400 st. 2,75 (CHF)",Mobilon 22 KL,11f5 miracosmo PA 6,1400,18400,"0,4","0,65",2 x 13 gg + 19 h (662),2,331,,435,300,,17,,,,
2252DN,"Ly22/22f20/40f40 DC tpm 900 st. 3,6 (DG)",Lycra 22 16AL,22f20 Z PA 66 + 40f40 S PA 66,900,17100,"1,04","0,67",3 x 6 gg + 15 h (478),3,"159,33",,320,,,14,,,,
2253SF,"Ly22/44f34 S  tpm 600 st. 3,6 (DG)",Lycra 22 16AL,44f34 test. S PA 66,600,10800,"1,44","0,64",3 x 6 gg + 20 h (492),3,164,,320,820,16,,3,,,
2253ZF,"Ly22/44f34 Z  tpm 600 st. 3,6 (DG)",Lycra 22 16AL,44f34 test. S PA 66,600,10800,"1,44","0,64",3 x 6 gg + 20 h (492),3,164,,320,820,,23,3,,,
2253ZF2,"Ly22/44f34 Z  tpm 600 st. 3,6 (DG)",Lycra 22 16AL,44f34 test. S PA 66,600,10800,"1,44","0,64",3 x 6 gg + 20 h (492),3,164,,320,820,,23,3,,,
2253ZN,"Ly22/44f34 Z  tpm 600 st. 3,6 (DG)",Lycra 22 16AL,44f34 test. S PA 66,600,10800,"1,44","0,64",3 x 6 gg + 20 h (492),3,164,,320,820,,23,,,,
2254S+ZN,"Cr22/44f34 S+Z tpm 600 st. 3,2 (DC)",Creora 22 H350,44f34 test. S+Z PA 66,580,12700,"1,72","0,9",4 x 5 gg + 19 h ( 556),4,139,,550,810,,23,,,,
2254S+ZN-11000,"Cr22/44f34 S+Z tpm 600 st. 3,2 (DC)",Creora 22 H350,44f34 test. S+Z PA 66,580,11000,"1,49","0,78",4 x 6 gg + 16 h ( 641),4,160,,550,810,,23,,,,
2254SN,"Cr22/44f34 S tpm 600 st. 3,2 (DC)",Creora 22 H350,44f34 test. Z PA 66,580,12700,"1,72","0,9",4 x 5 gg + 19 h ( 556),4,139,,550,810,16,,,,,
2254SN-11000,"Cr22/44f34 S tpm 600 st. 3,2 (DC)",Creora 22 H350,44f34 test. Z PA 66,580,11000,"1,49","0,78",4 x 6 gg + 16 h ( 641),4,160,,550,810,16,,,,,
2254ZN,"Cr22/44f34 Z tpm 600 st. 3,2 (DC)",Creora 22 H350,44f34 test. S PA 66,580,12700,"1,72","0,9",4 x 5 gg + 19 h ( 556),4,139,,550,810,,23,,,,
2254ZN-11000,"Cr22/44f34 Z tpm 600 st. 3,2 (DC)",Creora 22 H350,44f34 test. S PA 66,580,11000,"1,49","0,78",4 x 6 gg + 16 h ( 641),4,160,,550,810,,23,,,,
2254ZN-11400,"Cr22/44f34 Z tpm 600 st. 3,2 (DC)",Creora 22 H350,44f34 test. S PA 66,580,11400,"1,53","0,77",4 x 6 gg + 17 h (464),4,161,,550,850,,23,,,,
2255ZN2,"Cr22/44f10 Z tpm 1000 st.3,2 (DC)",Creora 22 H350,44f10 test. S  PA 6 nero,900,13600,"1,22","0,59",12 x 2 gg + 23 h (847),12,71,,550,395,,53,,,,
2256ZN,"Ly20/44f34 Z tpm 500 st. 3,0 (DA)",Lycra 20 188C,44f34 test. S PA 66,500,11400,"1,86","0,93",2 x 5 gg + 21 h (283),2,"141,5",,268,895,,53,,,,
2261S+ZN,"Cr22/78f68 SZ tpm 600 st. 3,2 (DC)",Creora 22 H350,78f68 test. S+Z PA 66,580,11000,"2,57","0,74",8 x 3 gg + 15 h (693),8,"86,62",,550,810,23,23,,,,
2261ZN,"Cr22/78f68 Z tpm 600 st. 3,2 (DC)",Creora 22 H350,78f68 test. Z PA 66,580,11000,"2,57","0,74",8 x 3 gg + 15 h (693),8,"86,62",,550,810,,23,,,,
2261ZN-B10A,"Cr22/78f68 Z tpm 600 st. 3,2 (DC)",Creora 22 H350,78f68 test. Z  PA 6 pink B10A,580,11000,"2,57","0,74",8 x 3 gg + 15 h (693),8,"86,62",,550,810,,23,,,,
2261ZN2,"Cr22/78f70 nero Z tpm 600 st. 3,2 (DC)",Creora 22 H350,78f70 test. S PA 6 nero,580,11000,"2,57","0,74",8 x 3 gg + 15 h (693),8,"86,62",,550,810,,23,,,,
2263S+ZN,"Cr22/17f7 S+Z  tpm 1400 stiro 3,12 (DBC)",Creora 22 H350,17f7 test. S+Z PA 66,1380,18000,"0,49","0,52",4 x 9 gg + 21 h (949),4,"237,3",,550,,16,23,,,,
2264ZN,"Ly22/78f46 Z tpm 550 st. 3,8 (DI)",Lycra 22 16AL,78f46 test. Z tipo 4 PA 66,550,12700,"3,1","0,77",6 x 2 gg + 19 h (405),6,"67,5",,320,765,,23,,,,
2265S+ZN2,"Cr22/50f34 S+Z tpm 1000 st. 3,2 (DC)",creora 22 H350,50f34 test. S PA 66 nero,955,14000,"1,33","0,58",8 x 4 gg + 23 h (952),8,119,,550,550,16,23,,,,
2265SN2,"Cr22/50f34 S tpm 1000 st. 3,2 (DC)",creora 22 H350,50f34 test. S PA 66 nero,955,14000,"1,33","0,58",8 x 4 gg + 23 h (952),8,119,,550,550,16,23,,,,
2265ZN2,"Cr22/50f34 Z tpm 1000 st. 3,2 (DC)",creora 22 H350,50f34 test. S PA 66 nero,955,14000,"1,33","0,58",8 x 4 gg + 23 h (952),8,119,,550,550,16,23,,,,
2266S+ZN,"Cr22/19f6 S+Z  tpm 1750 st. 3,2 (DC)",Creora 22 H350,19f6 test. S+Z PA 66,1650,21000,"0,52","0,5",6 x 7 gg (1006),6,"167,67",,550,310,15,37,,,,
2267S+ZN,"Fusion 20/11f7 s+Z tpm 1600 st. 3,2 (DC)",Lycra 20 77FF,11f7 POY PA 66,1500,19800,"0,36","0,5",2 x 10 gg + 20 h (520),2,260,,258,240,2,1,,,,
2268S+ZN,"K22/22f20 S+Z tpm 2300 st. 2,8 (CI)",Mobilon 22 K,22f20 test. S+Z PA 66,2200,16000,"0,04","0,36",3 x 15 gg + 22 h (1149),3,"382,93",,440,405,2,1,,,,
2269ZF2,"Cr22/22f7 Z nero tpm 1100 st. 2,8 (CI)",creora 22 H350,22f10 test. S nero PA 66,1050,16000,"0,8","0,72",5 x 5 gg + 21  h (706),4,"176,5",,550,345,,3,9,,,
2269ZN/F2,"Cr22/22f7 Z nero tpm 1100 st. 2,8 (CI)",Creora 22 H350,22f10 test. S nero PA 66,1050,16000,"0,8","0,72",5 x 5 gg + 21  h (706),4,"176,5",,550,345,,3,9,,,
2269ZN2,"Cr22/22f7 Z nero tpm 1100 st. 2,8 (CI)",Creora 22 H350,22f10 test. S nero PA 66,1050,16000,"0,8","0,72",5 x 5 gg + 21  h (706),4,"176,5",,550,345,,3,,,,
2270,"Ly156/33f10 Z tpm 900 st. 4,3 (ED)",Lycra 156 162C,33f10 test. S PA 66,900,16100,"1,95","3,9",3 x 3 gg + 19 h (273),3,91,,1063,338,,36,9,10:00:00,"0,5",
2270S+ZN,"KL22/11f5 S+Z  tpm 1900 st. 2,8 (CI)",Mobilon 22 KL,11f5 miracosmo PA 6,1810,21000,"0,34","0,57",2 x 15gg + 20 h (760),2,380,,435,300,17,36,,10:00:00,"0,5",
2270S+ZN 19800,"KL22/11f5 S+Z  tpm 1900 st. 2,8 (CI)",Mobilon 22 KL,11f5 miracosmo PA 6,1810,19800,"0,34","0,54",2 x 16gg + 20 h (806),2,403,,435,300,17,36,,10:00:00,"0,5",
2270S+ZN mini,"KL22/11f5 S+Z  tpm 1900 st. 2,8 (CI)",Mobilon 22 KL,11f5 miracosmo PA 6 minispole,1810,21000,"0,34","0,57",2 x 15gg + 20 h (760),2,380,,435,300,17,36,,10:00:00,"0,5",
2270S+ZN mini 19800,"KL22/11f5 S+Z  tpm 1900 st. 2,8 (CI)",Mobilon 22 KL,11f5 miracosmo PA 6 minispole,1810,19800,"0,34","0,54",2 x 16gg + 20 h (806),2,403,,435,300,17,36,,10:00:00,"0,5",
2270SN,"KL22/11f5 S  tpm 1900 st. 2,8 (CI)",Mobilon 22 KL,11f5 miracosmo PA 6,1810,21000,"0,34","0,57",2 x 15gg + 20 h (760),2,380,,435,300,17,17,,10:00:00,"0,5",
2270SN mini,"KL22/11f5 S  tpm 1900 st. 2,8 (CI)",Mobilon 22 KL,11f5 miracosmo PA 6 minispole,1810,21000,"0,34","0,57",2 x 15gg + 20 h (760),2,380,,435,300,17,17,,10:00:00,"0,5",
2270ZN,"KL22/11f5 Z  tpm 1900 st. 2,8 (CI)",Mobilon 22 KL,11f5 miracosmo PA 6 minispole,1810,21000,"0,34","0,57",2 x 15gg + 20 h (760),2,380,,435,300,36,36,,10:00:00,"0,5",
2270ZN,"KL22/11f5 Z  tpm 1900 st. 2,8 (CI)",Mobilon 22 KL,11f5 miracosmo PA 6,1810,21000,"0,34","0,57",2 x 15gg + 20 h (760),2,380,,435,300,36,36,,10:00:00,"0,5",
2270ZN mini,"KL22/11f5 Z  tpm 1900 st. 2,8 (CI)",Mobilon 22 KL,11f5 miracosmo PA 6 minispole,1810,21000,"0,34","0,57",2 x 15gg + 20 h (760),2,380,,435,300,36,36,,10:00:00,"0,5",
2271DN 20000 mini,"K22/8f5 dc tpm 3000 st. 2,8 CI",Mobilon 22 K,8f5 parallelo PA 66 minispole,2800,20000,"0,26","0,35",2 x 25 gg + 21 h (1242),2,"621,1",,440,,,29,,,,
2271DN 20700,"K22/8f5 dc tpm 3000 st. 2,8 (CI)",Mobilon 22 K,8f5 parallelo PA 66,2800,20700,"0,15","0,36",2 x 25 (1200),2,600,,440,270,,29,,10:00:00,"0,5",
2271DN 20700 mini,"K22/8f5 dc tpm 3000 st. 2,8 (CI)",Mobilon 22 K,8f5 parallelo PA 66 minispole,2800,20700,"0,15","0,36",2 x 25 (1200),2,600,,440,270,,29,,10:00:00,"0,5",
2271DN 22000,"K22/8f5 dc tpm 3000 st. 2,8 (CI)",Mobilon 22 K,8f5 parallelo PA 66,2800,22000,"0,16","0,39",2 x 23 gg + 12 h (1129),2,"564,5",,440,270,,29,,10:00:00,"0,5",
2271DN 22000 mini,"K22/8f5 dc tpm 3000 st. 2,8 (CI)",Mobilon 22 K,8f5 parallelo PA 66 minispole,2800,22000,"0,16","0,39",2 x 23 gg + 12 h (1129),2,"564,5",,440,270,,29,,10:00:00,"0,5",
2272ZN,"Ro22/22f7 Z tpm 1500 st. 3,4 (DE)",Roica 22 B845,22f7 test. S PA66,1420,19400,"0,61","0,53",5 x 7 gg + 21 h (945),5,189,,510,350,,39,,,,
2273S+Z,"KL22/16f10 S+Z tpm 1400 st. 2,75 (CHF)",Mobilon 22 KL,16f10 test. S+Z PA 66,1330,18300,"0,58","0,68",3 x 8 gg + 20 h  (638),3,"212,77",,435,325,39,3,,,,
2274ZN,"Cr22/78f24 Z tpm 600 st. 3,4 (DE)",Creora 22 C-100,78f24 test. S PA 6,600,13000,"2,96","0,73",8 x 2 gg + 19 h (544),8,68,,400,745,,23,,,,
2274ZN2,"Cr22/78f24 Z tpm 600 st. 3,4 (DE)",Creora 22 C-100,78f24 test. S  PA 6nero,600,13000,"2,96","0,73",8 x 2 gg + 19 h (544),8,68,,400,745,,23,,,,
2274ZN2015,"Cr22/78f24 Z tpm 600 st. 3,4 (DE)",Creora 22 C-100,78f24 test. S  PA 6ALLUMINIO,600,13000,"2,96","0,73",8 x 2 gg + 19 h (544),8,68,,400,745,,23,,,,
2275S+Z-N00 11400,"Cr22/44f34 S+Z tpm 600 st. 3,2 (DC)",Creora 22 H350,44f34 test. S+Z PA 6 optical white N00,580,11400,"1,6","0,77",5 x 5 gg + 22 h (710),5,142,,550,785,16,23,,,,
2275S+ZN,"Cr22/44f34 S+Z tpm 600 st. 3,2 (DC)",Creora 22 H350,44f34 test. S+Z PA 66,580,13700,"1,93","0,93",5 x 4 gg + 22 h (591),5,118,,550,785,16,23,,,,
2275S+ZN-B10A,"Cr22/44f34 S+Z tpm 600 st. 3,2 (DC)",Creora 22 H350,44f34 test. S+Z PA 6 pink B10A,580,13700,"1,93","0,93",5 x 4 gg + 22 h (591),5,118,,550,785,16,23,,,,
2275S+ZN-B10A 11400,"Cr22/44f34 S+Z tpm 600 st. 3,2 (DC)",Creora 22 H350,44f34 test. S+Z PA 6 pink B10A,580,11400,"1,6","0,77",5 x 5 gg + 22 h (710),5,142,,550,785,16,23,,,,
2275S+ZN-N00,"Cr22/44f34 S+Z tpm 600 st. 3,2 (DC)",Creora 22 H350,44f34 test. S+Z PA 6 optical white N00,580,13700,"1,93","0,93",5 x 4 gg + 22 h (591),5,118,,550,785,16,23,,,,
2276S+ZN,"Cr22/44f30 S+Z tpm 650 st. 3,2 (DC)",Creora 22 H350A,44f30 test. S+Z  PA 6,650,13000,"1,62","0,78",5 x 5 gg + 18 h (692),5,"138,4",,555,777,16,23,,,,
2277DN,"Ly22/8f5 dc tpm 2100 st. 3,4 (DE)",Lycra 22 16AL,8f5 riciclato 60% parallelo PA 66,2000,20200,"0,19","0,37",2x 17 gg + 20 h (855),2,"427,5",,320,250,,4,,,,
2277DN mini,"Ly22/8f5 dc tpm 2100 st. 3,4 (DE)",Lycra 22 16AL,8f5 riciclato 60% parallelo  PA 66 minispole,2000,20200,"0,19","0,37",2x 17 gg + 20 h (855),2,"427,5",,320,250,,4,,,,
2278ZN1,"Ly22/78f68 Z tpm 600 st. 3,2 (DC)",Lycra 22 16AL,78f68 test. S PA 66,580,13600,"3,19","0,93",5 x 3 gg  (360),5,72,,320,775,,23,,,,
2279ZN1 13200,Cr22/78f68 Z tpm 600 st- 3.2 (DC),Creora 22 H350,78f68 S PA 6,640,13200,"2,77","0,81",9 x 3 gg + 3 h (677),9,75,,550,755,,23,,,,
2279ZNB10A 11000,Cr22/78f68 Z pink tpm 600 st- 3.2 (DC),Creora 22 H350,78f68 S PA 6 pink,640,11000,"2,32","0,67",9 x 3 gg + 18 h (810),9,90,,550,755,,23,,,,
2279ZNB10A 13200,Cr22/78f68 Z pink tpm 600 st- 3.2 (DC),Creora 22 H350,78f68 S PA 6 pink,640,13200,"2,77","0,81",9 x 3 gg + 3 h (677),9,75,,550,755,,23,,,,
2279ZNB10A 14000,Cr22/78f68 Z pink tpm 600 st- 3.2 (DC),Creora 22 H350,78f68 S PA 6 pink,640,14000,"2,94","0,86",9 x 2 gg + 23 h (638),9,71,,550,755,,23,,,,
23502DN-150053,"Lycra 235/78f68 dc tpm 1200 st. 2,7 (CH)",Lycra 235 26AL,78f68 test. S  PA 66 bianco ottico,1200,13000,"2,32","5,8",2 x 3 gg + 18 h (181) /2,4,"45,25",,990,870,,38,,,,
23502DN-9025,"Lycra 235/78f68 dc tpm 1200 st. 2,7 (CH)",Lycra 235 26AL,78f68 test. S  PA 66 grigio scuro,1200,13000,"2,32","5,8",2 x 3 gg + 18 h (181) /2,4,"45,25",,990,870,,38,,,,
23502DN-T0001,"Lycra 235/78f68 dc tpm 1200 st. 2,7 (CH)",Lycra 235 26AL,78f68 test. S  PA 66 bianco ottico,1200,13000,"2,32","5,8",2 x 3 gg + 18 h (181) /2,4,"45,25",,990,870,,38,,,,
23503DN-2000,"Ly235/167f36 dc tpm 780 st. 4,15 (EBF)",Lycra 235 26AL,167f36 test. PES bianco ottico,780,11250,"5,11","5,07",5 x 1 gg + 19 h (213),5,"42,6",,990,870,,40,,,,
23503DN-5000,"Ly235/167f36 dc tpm 780 st. 4,15 (EBF)",Lycra 235 26AL,167f36 test. PES nero,780,11250,"5,11","5,07",5 x 1 gg + 19 h (213),5,"42,6",,990,870,,40,,,,
23503DN-9025,"Ly235/167f36 dc tpm 780 st. 4,15 (EBF)",Lycra 235 26AL,167f36 test. PES grigio scuro,780,11250,"5,11","5,07",5 x 1 gg + 19 h (213),5,"42,6",,990,870,,40,,,,
23503DN-QS191,"Ly235/167f36 dc tpm 780 st. 4,15 (EBF)",Lycra 235 26AL,167f36 test. PES red orbit,780,11250,"5,11","5,07",5 x 1 gg + 19 h (213),5,"42,6",,990,870,,40,,,,
23503DN-QT094,"Ly235/167f36 dc tpm 780 st. 4,15 (EBF)",Lycra 235 26AL,167f36 test. PES blu void,780,11250,"5,11","5,07",5 x 1 gg + 19 h (213),5,"42,6",,990,870,,40,,,,
23503DN-QW306,"Ly235/167f36 dc tpm 780 st. 4,15 (EBF)",Lycra 235 26AL,167f36 test. PES laser orange,780,11250,"5,11","5,07",5 x 1 gg + 19 h (213),5,"42,6",,990,870,,40,,,,
23503DN-QW436,"Ly235/167f36 dc tpm 780 st. 4,15 (EBF)",Lycra 235 26AL,167f36 test. PES oak particle grey,780,11250,"5,11","5,07",5 x 1 gg + 19 h (213),5,"42,6",,990,870,,40,,,,
23503DN/QT791,"Ly235/167f36 dc tpm 780 st. 4,15 (EBF)",Lycra 235 26AL,167f36 test. PES platinum,780,11250,"5,11","5,07",5 x 1 gg + 19 h (213),5,"42,6",,990,870,,40,,,,
23504,"Cr 620/78f18x2 dc tpm 1000 st. 3,6 (DG)",Creora 620 H300,78f18x2 test  PA 6 cammello,1000,11500,"5,58","12,07",2 x 1 gg + 21 h (92),2,46,2,1100,540,,40,,,,
23504DN,"Ly 235/167f48 dc tpm 780 st. 3,95 (DLF)",Lycra 235 26AL,167f48 test. PES Nero,730,11000,"5,58","5,56",4 x 1 gg + 20 h (178)/2,4,44,2,990,850,,40,,,,
23504DN-5000,"Ly 235/167f48 dc tpm 780 st. 3,95 (DLF)",Lycra 235 26AL,167f48 test. PES Nero 5000,730,11000,"5,58","5,56",4 x 1 gg + 20 h (178)/2,4,44,2,990,850,,40,,,,
23504DN-Q0070,"Ly 235/167f48 dc tpm 780 st. 3,95 (DLF)",Lycra 235 26AL,167f48 test. PES Light thistle,730,11000,"5,58","5,56",4 x 1 gg + 20 h (178)/2,4,44,2,990,850,,40,,,,
23504DN-Q1724,"Ly 235/167f48 dc tpm 780 st. 3,95 (DLF)",Lycra 235 26AL,167f48 test. PES football grey,730,11000,"5,58","5,56",4 x 1 gg + 20 h (178)/2,4,44,2,990,850,,40,,,,
23504DN-Q2717,"Ly 235/167f48 dc tpm 780 st. 3,95 (DLF)",Lycra 235 26AL,167f48 test. PES volt tint,730,11000,"5,58","5,56",4 x 1 gg + 20 h (178)/2,4,44,2,990,850,,40,,,,
23504DN-Q3784,"Ly 235/167f48 dc tpm 780 st. 3,95 (DLF)",Lycra 235 26AL,167f48 test. PES element pink,730,11000,"5,58","5,56",4 x 1 gg + 20 h (178)/2,4,44,2,990,850,,40,,,,
23504DN-Q3785,"Ly 235/167f48 dc tpm 780 st. 3,95 (DLF)",Lycra 235 26AL,167f48 test. PES magic flamingo,730,11000,"5,58","5,56",4 x 1 gg + 20 h (178)/2,4,44,2,990,850,,40,,,,
23504DN-Q5143,"Ly 235/167f48 dc tpm 780 st. 3,95 (DLF)",Lycra 235 26AL,167f48 test. PES hyper turq,730,11000,"5,58","5,56",4 x 1 gg + 20 h (178)/2,4,44,2,990,850,,40,,,,
23504DN-Q7175,"Ly 235/167f48 dc tpm 780 st. 3,95 (DLF)",Lycra 235 26AL,167f48 test. PES pink foam,730,11000,"5,58","5,56",4 x 1 gg + 20 h (178)/2,4,44,2,990,850,,40,,,,
23504DN-Q7299,"Ly 235/167f48 dc tpm 780 st. 3,95 (DLF)",Lycra 235 26AL,167f48 test. PES citron tint,730,11000,"5,58","5,56",4 x 1 gg + 20 h (178)/2,4,44,2,990,850,,40,,,,
23504DN-Q7300,"Ly 235/167f48 dc tpm 780 st. 3,95 (DLF)",Lycra 235 26AL,167f48 PES alabaster,730,11000,"5,58","5,56",4 x 1 gg + 20 h (178)/2,4,44,2,990,850,,40,,,,
23504DN-QT094,"Ly 235/167f48 dc tpm 780 st. 3,95 (DLF)",Lycra 235 26AL,167f48 test. PES blu void,730,11000,"5,58","5,56",4 x 1 gg + 20 h (178)/2,4,44,2,990,850,,40,,,,
23504DN-QZ2716,"Ly 235/167f48 dc tpm 780 st. 3,95 (DLF)",Lycra 235 26AL,167f48 test. PES giallo strike,730,11000,"5,58","5,56",4 x 1 gg + 20 h (178)/2,4,44,2,990,850,,40,,,,
23504DN-QZ890,"Ly 235/167f48 dc tpm 780 st. 3,95 (DLF)",Lycra 235 26AL,167f48 test. PES chlorine blue,730,11000,"5,58","5,56",4 x 1 gg + 20 h (178)/2,4,44,2,990,850,,40,,,,
23504DN-S5002,"Ly 235/167f48 dc tpm 780 st. 3,95 (DLF)",Lycra 235 26AL,167f48 test. PES giallo fluo,730,11000,"5,58","5,56",4 x 1 gg + 20 h (178)/2,4,44,2,990,850,,40,,,,
23504DN-VARI COLORI,"Ly 235/167f48 dc tpm 780 st. 3,95 (DLF)",Lycra 235 26AL,167f48 test. PES VARI COLORI,730,11000,"5,58","5,56",4 x 1 gg + 20 h (178)/2,4,44,2,990,850,,40,,,,
23505DN-2075,"Ly235/78f24x2 dc tpm 780 st. 4,15 (EBF)",Lycra 235 26AL,78f24x2 PA 6 tinto filo lime,780,11000,"5,11","5,58",4 x 1 gg + 20 h (177) /2,4,"44,31",2,990,780,,38,,,,
23505DN1,"Ly235/78f24x2 dc tpm 780 st. 4,15 (EBF)",Lycra 235 26AL,78f24x2 PA 6 tinto filo GG,780,11000,"5,11","5,58",4 x 1 gg + 20 h (177) /2,4,"44,31",2,990,780,,38,,,,
23505DN2,"Ly235/78f24x2 dc tpm 780 st. 4,15 (EBF)",Lycra 235 26AL,78f24x2 PA 6 tinto filo nero,780,11000,"5,11","5,58",4 x 1 gg + 20 h (177) /2,4,"44,31",,990,780,,38,,,,
2777ZF2,"Ro22/22f7 Z tpm 1400 st. 3,85 (DIF)",Roica 22 C804,22f7 test. S nero PA 66,1390,18000,"0,61","0,42",7 x 8 gg (1345),7,"192,14",,400,380,,3,17,,,
28501DN,"Ly285/33f20 dc tpm 1000 st. 4,8 (EI)",Lycra 285 902C,33f20 test. S PA 66,1000,18400,"1,86","6,46",2 x 4 gg + 4 h(201),2,"100,5",,946,405,,38,,,,
28503ZN,"Ly285/78f68 Z tpm 726 st. 4,6 (EG)",Lycra 285 902C,78f68 test. S PA 66,726,13200,"3,98","6,6",2 x 3 gg (144),2,72,,946,640,,19,,,,
31002DN1,"Cr310/22f7 DC tpm 1200 st. 3,8  (DI)",CREORA 310 H350,22f7 test. S PA66,1200,19200,"1,6","7,9",1 x 5 gg + 20 h (140) /2,2,70,,,325,,30,,,,
31003DN220274,"Ly310/78f68 dc tpm 1200 st. 3,8",Lycra 310 162C,78f68 test. S  PA 66 grigio scuro,1200,13500,"2,36","5,61",2 x 3 gg + 22 h (188)/2,2,94,2,1046,620,,38,,,,
31003DN220274 dm84,"Ly310/78f68 dc tpm 1200 st. 3,8",Lycra 310 162C,78f68 test. S  PA 66 grigio scuro,1200,13500,"2,41","5,7",4 x 1 gg + 23 h (190),4,48,,1046,315,,38,,,,
31003DN9000,"Ly310/78f68 dc tpm 1200 st. 3,8",Lycra 310 162C,78f68 test. S  PA 66 negro,1200,13500,"2,36","5,61",2 x 3 gg + 22 h (188)/2,2,94,2,1046,620,,38,,,,
31004DN220379,"Cr310/78f68  dc tpm 1200 st. 2,7  (CH)",Creora 310 H300D,78f68 q-skin  PA 66 blu marino,1200,13500,"2,71","7,86",2 x 3 gg + 20 h (92)/2,2,92,2,1100,620,,18,,,,
31004DN220379 dm84,"Cr310/78f68 dc tpm 1200 st. 2,7 (CH)",Creora 310 H300D,78f68 q-skin  PA 66 blu marino,1200,13500,"2,71","7,86",4 x 1 gg + 22 h (92),4,46,,1100,315,,18,,,,
33001DN2,"Ly330/22f10 dc tpm 1500 st. 5,2 (FC)",Lycra 330 902C,22f10 test. S nero PA 66,1450,19600,"1,25","5,08",2  x 3 gg + 21 h (186),2,93,,947,215,,40,,05:00:00,"0,5",
33002DN,"Ly330/22f7 dc tpm 1200 st. 4,8 (EI)",Lycra 330 902C,22f7 test. S PA66,1200,19600,"1,53","6,96",1 x 5 gg + 15 h (136) /2,1,136,2,947,340,,40,,,,
39501DN,"Ly395/44f34 dc tpm 1000 st. 4,8 (EI)",Lycra 395 902C,44f34 test. S PA 66,1000,17400,"2,43","9,03",1 x 4 gg + 18 h (114),1,114,,,545,,33,,,,
39502DN-14446,"Ly395/167f96 dc tpm 800 st. 4,15 (EBF)",Lycra 395 902C,167f96 test. S PES bianco ottico,780,11250,"5,59","8,52",3 x 1 gg + 13 h (112) /2,3,37,2,,660,,38,,,,
39502DN-14786,"Ly395/167f96 dc tpm 800 st. 4,15 (EBF)",Lycra 395 902C,167f96 test. S PES grigio,780,11250,"5,59","8,52",3 x 1 gg + 13 h (112),3,37,2,,660,,38,,,,
39502DN-14822,"Ly395/167f96 dc tpm 800 st. 4,15 (EBF)",Lycra 395 902C,167f96 test. S PES arancio fluo,780,11250,"5,59","8,52",3 x 1 gg + 13 h (112),3,37,2,,660,,38,,,,
39502DN-14823,"Ly395/167f96 dc tpm 800 st. 4,15 (EBF)",Lycra 395 902C,167f96 test. S PES rosa,780,11250,"5,59","8,52",3 x 1 gg + 13 h (112),3,37,2,,660,,38,,,,
39502DN-15015,"Ly395/167f96 dc tpm 800 st. 4,15 (EBF)",Lycra 395 902C,167f96 test. S PES grigio,780,11250,"5,59","8,52",3 x 1 gg + 13 h (112),3,37,2,,660,,38,,,,
39502DN-15016,"Ly395/167f96 dc tpm 800 st. 4,15 (EBF)",Lycra 395 902C,167f96 test. S PES bordeaux,780,11250,"5,59","8,52",3 x 1 gg + 13 h (112),3,37,2,,660,,38,,,,
39502DN-15017,"Ly395/167f96 dc tpm 800 st. 4,15 (EBF)",Lycra 395 902C,167f96 test. S PES giallo,780,11250,"5,59","8,52",3 x 1 gg + 13 h (112),3,37,2,,660,,38,,,,
39502DN-15018,"Ly395/167f96 dc tpm 800 st. 4,15 (EBF)",Lycra 395 902C,167f96 test. S PES verde,780,11250,"5,59","8,52",3 x 1 gg + 13 h (112),3,37,2,,660,,38,,,,
39502DN-61,"Ly395/167f96 dc tpm 800 st. 4,15 (EBF)",Lycra 395 902C,167f96 test. S PES verde acqua,780,11250,"5,59","8,52",3 x 1 gg + 13 h (112),3,37,2,,660,,38,,,,
39502DN-colori vari,"Ly395/167f96 dc tpm 800 st. 4,15 (EBF)",Lycra 395 902C,167f96 test. S PES colori vari,780,11250,"5,59","8,52",3 x 1 gg + 13 h (112),3,37,2,,660,,38,,,,
39502DN2,"Ly395/167f96 dc tpm 800 st. 4,15 (EBF)",Lycra 395 902C,167f96 test. S PES Nero,780,11250,"5,59","8,52",3 x 1 gg + 13 h (112),3,37,2,,660,,38,,,,
4402DN,"Ly 44/11f7 DC tpm 1900 st. 3,5 (DF)",Lycra 44 162C,11f7 POY PA 66,1900,20500,"0,31","0,77",2 x 14 gg + 1 h (674),2,337,,517,280,,14,,,,
4403ZN,"Ly 44/19f6 Z tpm 2000 st. 3,8 (DI)",Lycra 44 162C,19f6 test. S PA 66,1920,21000,"0,52","0,74",3 x 9 gg + 15 h (694),3,"231,33",,517,303,,32,,,,
4403ZN 20700,"Ly 44/19f6 Z tpm 2000 st. 3,8 (DI)",Lycra 44 162C,19f6 test. S PA 66,1920,20700,"0,52","0,74",3 x 9 gg + 19 h (698),3,"234,88",,517,303,,32,,,,
4405S+ZN,"Ly44/11f7 S+Z  tpm 2000 st. 3,9 (DL)",Lycra 44 162C,11f7 POY PA 66,1900,21000,"0,38","0,73",2 x 14 gg + 10 h (692),1,346,,517,265,20,21,,,,
4405SN,"Ly44/11f7 S  tpm 2000 st. 3,9 (DL)",Lycra 44 162C,11f7 POY PA 66,1900,21000,"0,38","0,73",2 x 14 gg + 10 h (692),1,346,,517,265,20,,3,,,
4405ZN,"Ly44/11f7 Z  tpm 2000 st. 3,9 (DL)",Lycra 44 162C,11f7 POY PA 66,1900,21000,"0,38","0,73",2 x 14 gg + 10 h (692),1,346,,517,154,,21,3,,,
4406ZN,"Ly44/78f34 Z tpm 600 st. 3,5 (DF)",Lycra 44 162C,78f34 test. S PA 6,600,11000,"2,65","1,35",4 x 3 gg + 22 h (374),4,94,2,517,845,,41,,,,
4407DN,"Ly44/13f7 dc tpm 1750 st. 3,8 (DI)",Lycra 44 162C,13f7 poy PA66,1650,21000,"0,39","0,84",2 x 12 gg + 18 h  (612),2,302,,517,350,,10,,,,
4408ZN,"Ly 44/22f7 Z tpm 1500 st. 3,9 (DL)",Lycra 44 162C,22f7 test. S PA66,1420,20000,"0,74","0,93",3 x 7 gg + 16 h (553),3,"184,33",,517,365,,32,,,,
4409ZN,"El44/19f6 Z tpm 2000 st. 3,8 (DI)",Elaspan 44 E02C,19f6 test. S PA 66,1900,20200,"0,51","0,7",3 x 11 gg + 21 h (855),3,285,,,275,,32,,,,
4410ZN,"El44/22f7 Z tpm 1000 st. 3,7 (DH)",Elaspan 44 E02C,22f7 test. S PA66,950,21000,"1,18","1,5",4 x 4 gg + 4 h (400),4,100,,,310,,32,,,,
4412S+ZN,"Ly 44/13f7 S+Z tpm 1700 st. 3,8 (DI)",Lycra 44 162C,13f7 poy PA66,1700,21000,"0,48","0,84",2 x 12 gg + 19 h (615),2,"307,5",,517,320,9,31,,,,
4412SN,"Ly 44/13f7 S+Z tpm 1700 st. 3,8 (DI)",Lycra 44 162C,13f7 poy PA66,1700,21000,"0,48","0,84",2 x 12 gg + 19 h (615),2,"307,5",,517,320,9,,,,,
4412ZN,"Ly 44/13f7 S+Z tpm 1700 st. 3,8 (DI)",Lycra 44 162C,13f7 poy PA66,1700,21000,"0,48","0,84",2 x 12 gg + 19 h (615),2,"307,5",,517,320,,31,,,,
4414ZN,"Cr44/78f24 Z tpm 600 st. 3,7 (DH)",Creora 44 H350,78f24 test. Z,600,14000,"3,33","1,57",5 x 2 gg + 22 h (350),5,70,,550,885,,41,,,,
4415ZF,Ly 44/44f13 Z tpm 900 st. 4 (EA),Lycra 44 162C,44f13 test. S PA 66,855,14900,"1,56","1,09",5 x 3 gg + 20 h (464),5,"92,8",,517,450,,41,6,,,
4415ZN,Ly 44/44f13 Z tpm 900 st. 4 (EA),Lycra 44 162C,44f13 test. S PA 66,855,14900,"1,56","1,09",5 x 3 gg + 20 h (464),5,"92,8",,517,450,,41,,,,
4421ZN,"Ly44/20f20 Z tpm 1700 st. 3,4 (DE)",Lycra 44 162C,20f20 test. Z PA 66,1600,17000,"0,54","0,78",3 x 10 gg + 17 h (771),3,257,,517,430,,32,,,,
4423DN,"Ly44/8f5 DC tpm 2800 st. 3,8 (DI)",Lycra 44 162C,8f5 parallelo PA 66,2650,21000,"0,18","0,53",2 x 19 gg + 23 h (958),2,479,,517,215,,43,,,,
4423DN mini,"Ly44/8f5 DC tpm 2800 st. 3,8 (DI)",Lycra 44 162C,8f5 parallelo PA 66 minispole,2650,21000,"0,18","0,53",2 x 19 gg + 23 h (958),2,479,,517,215,,43,,,,
4424S+ZN/F,"Ly44/44f34 S+Z tpm 1000 st. 3,8 (DI)",Lycra 44 162C,44f34 test. S+Z PA 66,950,13200,"1,22","0,92",3 x 7 gg + 20 h (563),3,188,,517,725,,41,6,,,
4424ZF,"Ly44/44f34 Z tpm 1000 st. 3,8 (DI)",Lycra 44 162C,44f34 test. S PA 66,950,13200,"1,22","0,92",3 x 7 gg + 20 h (563),3,188,,517,725,,41,6,,,
4424ZN,"Ly44/44f34 Z tpm 1000 st. 3,8 (DI)",Lycra 44 162C,44f34 test. S PA 66,950,13200,"1,22","0,92",3 x 7 gg + 20 h (563),3,188,,517,725,,41,,,,
4424ZN/F,"Ly44/44f34 Z tpm 1000 st. 3,8 (DI)",Lycra 44 162C,44f34 test. S PA 66,950,13200,"1,22","0,92",3 x 7 gg + 20 h (563),3,188,,517,725,,41,6,,,
4426ZN2,"Ro44/44f10 Z tpm 1000 st. 3,6 (DG)",Roica 44 B845,44f10 test. S  PA 6 nero,950,14300,"1,33","1,04",6 x 3 gg  + 18 h (540),6,90,,560,380,,41,,,,
4428ZN/F,"Cr44/44f13 Z tpm 1000 st. 3,6 (DG)",Creora 44 H350,44f13 test. S PA 66,950,16200,"1,52","1,8",5 x 3 gg + 21 h (460),5,93,,550,445,,41,6,,,
4431DN,"El44/13f7 dc tpm 1750 st. 3,4 (DE)",Elaspan 44 E02C,13f7 poy PA66,1650,21000,"0,39","0,94",2 x 13gg + 8 h (639),2,"319,5",,,335,,14,,,,
4438ZN,"Ro44/78f68 Z tpm 600 st. 3,7 (DH)",Roica 44 B845,78f68 test. S PA 66,600,12300,"2,93","1,38",6 x 2 gg + 20 h (408),6,68,,560,680,,41,,,,
4439ZN,"Cr44/44f13 Z tpm 650 st. 3,6 (DG)",Creora 44 H350,44f13 test. S PA 66,600,14000,"2,06","1,61",5 x 2 gg + 20 h (340),5,68,,550,440,,41,,,,
4445S+ZN,"Ly44/17f5 S+Z tpm 1600 st. 3,9 (DL)",Lycra 44 162C,17f5 test. S+Z PA 66,1520,21000,"0,62","0,89",3 x 7 gg + 21 h (568),3,"189,33",,517,300,9,32,,,,
4449S+ZN,"Cr 44/22f7 S+Z tpm 1550 st. 3,1 (DB)",Creora 44 H350,22f7 test. S+Z PA 66,1400,21000,"0,85","1,21",3 x 6 gg + 21 h (496),3,"164,67",,550,310,9,32,,,,
4449ZN2,"cr44/22f7 S+Z tpm 1550 st. 3,1 (DB)",Creora 44 H350,22f7 test. S+Z nero PA 66,1400,21000,"0,84","1,21",3 x 6 gg + 21 h (494),3,"164,67",,550,310,,32,,,,
4450ZN,"Cr44/60f60 Z tpm 900 st. 3,4 (DE)",Creora 44 H350,60f60 test. S PA 66,900,12300,"1,58",1,4 x 5 gg + 20 h (562),4,"140,5",,550,725,,22,,,,
4451ZF,"Ro44/110f40 Z tpm 800 st. 3,2(DC)",Roica 44 B845,110f40 viscosa cinese op.,800,9200,"2,27","0,89",7 x 3 gg + 21 h (629),7,"89,86",,560,716,,59,4,,,
4455ZN1,"Ly44/13f4 Z tpm 1800 st. 3,4 (DE)",Lycra 44 162C,13f4 parallelo PA 66,1750,21000,"0,49","0,89",2 x 11 gg + 22 h (572),2,286,,517,300,,21,,,,
4457ZN2,"Cr44/44f34 Z tpm 900 st. 3,6 (DG)",Creora 44 H350,44f34 test. S  PA 66 nero,900,11800,"1,1","0,85",4 x 6 gg + 20 h (655),4,164,,550,565,,21,,,,
4458ZN,"El44/78f68 Z tpm 1000 st. 3,6 (DG)",Elaspan 44 E02C,78f68 test. S PA 66,1000,11400,"1,77","0,85",6 x 4 gg + 22 h (706),6,"117,67",,,715,,41,,,,
4458ZN2,"El44/78f68 Z tpm 1000 st. 3,6 (DG)",Elaspan 44 E02C,78f70 test. S PA 6 nero,1000,11400,"1,77","0,85",6 x 4 gg + 22 h (706),6,"117,67",,,715,,41,,,,
4459DN 20700,"K44/8f5 dc tpm 2000 st. 2,9 (CL)",Mobilon 44 K,8f5 miracosmo PA 6,1950,21500,"0,28","1,06",1 x 21 gg (504),1,504,,526,285,,4,,,,
4459DN 21500,"K44/8f5 dc tpm 2000 st. 2,9 (CL)",Mobilon 44 K,8f5 miracosmo PA 6,1950,20700,"0,26","1,02",1 x 21 gg + 20 h  (524),1,524,,526,285,,4,,,,
4461SF,"Cr44/110f24 S tpm 600 st. 3,2 (DC)",Creora 44 H350,110f24 test. S PA 66,580,13000,"4,49","1,65",7 x 2 gg (334),7,48,,550,760,,22,11,,,
4462ZN1,"Cr44/78f68 nero Z tpm 1000 st. 3,2 (DC)",Creora 44 H350,78f68 test. PES,1000,13000,"2,02","1,01",8 x 2 gg + 22 h (556),8,"69,5",,550,470,,41,,,,
4462ZN2,"Cr44/78f68 nero Z tpm 1000 st. 3,2 (DC)",Creora 44 H350,78f68 test. PES Nero,1000,13000,"2,02","1,01",8 x 2 gg + 22 h (556),8,"69,5",,550,470,,41,,,,
4463S+ZN1,"Cr44/44f34 colorwise S+Z tpm 650 st. 3,2 (DC)",Creora 44 H350,44f34 S+Z  PA 66 colorwise,650,13200,"1,84","1,58",3 x 4 gg + 20 h (348),3,116,,550,655,22,41,,,,
4463SN,"Cr44/44f34 colorwise S+Z tpm 650 st. 3,2 (DC)",Creora 44 H350,44f34 S+Z  PA 66 colorwise,650,13200,"1,84","1,58",3 x 4 gg + 20 h (348),3,116,,550,655,22,,,,,
4463SZN,"Cr44/44f34 colorwise S+Z tpm 650 st. 3,2 (DC)",Creora 44 H350,44f34 S+Z  PA 66 colorwise,650,13200,"1,84","1,58",3 x 4 gg + 20 h (348),3,116,,550,655,,41,,,,
4464S+ZN,"K44/13f10 S+Z tpm 1800 st. 2,8 (CI)",Mobilon 44 K,13f10 parallelo PA 66,1800,20200,"0,54","1,11",2 x 10 gg  (479),2,"239,5",,526,245,9,32,,,,
4464S+ZN mini,"K44/13f10 S+Z tpm 1800 st. 2,8 (CI)",Mobilon 44 K,13f10 parallelo PA 66 minispole,1800,20200,"0,54","1,11",2 x 10 gg  (479),2,"239,5",,526,245,9,32,,,,
4464SN,"K44/13f10 S tpm 1800 st. 2,8 (CI)",Mobilon 44 K,13f10 parallelo PA 66,1800,20200,"0,54","1,11",2 x 10 gg  (479),2,"239,5",,526,245,9,,,,,
4464ZN,"K44/13f10 Z tpm 1800 st. 2,8 (CI)",Mobilon 44 K,13f10 parallelo PA 66,1800,20200,"0,54","1,11",2 x 10 gg  (479),2,"239,5",,526,245,,32,,,,
4465SN1,"Ro44/16f10 S tpm 1250 st. 2,9 (CL)",Roica 44 C805,16f10 test. Z PA 66,1250,17500,"0,69","1,17",2 x 8 gg + 22 h (428),2,214,,500,325,52,,,,,
4466S+ZN,"Ly44/22f7 S+Z tpm 1900 stiro 3,6 (DG)",Lycra 44 162C,22f7 parallelo PA 66,1800,18900,"0,55","0,73",3 x 9 gg + 20 h (707),3,"235,66",,517,345,9,32,,,,
4466SN1,"Ly44/22f7 S tpm 1900 stiro 3,6 (DG)",Lycra 44 162C,22f7 parallelo PA 66,1800,18900,"0,55","0,73",3 x 9 gg + 20 h (707),3,"235,66",,517,345,9,,,,,
4466ZN1,"Ly44/22f7 Z tpm 1900 stiro 3,6 (DG)",Lycra 44 162C,22f7 parallelo PA 66,1800,18900,"0,55","0,73",3 x 9 gg + 20 h (707),3,"235,66",,517,345,,32,,,,
62001DN,"Ro620/44f34 dc tpm 800 st. 5,2 (FC)",Roica 620 HS-C701,44f34 test. S+Z PA 66,800,13000,"2,71","11,89",1 x 3 gg + 16 h (88) /2,1,88,2,1000,430,,38,,,,
62001DN1,"Ro620/44f34 dc tpm 800 st. 5,2 (FC)",Roica 620 HS-C701,44f34 test. S+Z PA 66,800,13000,"2,71","11,89",1 x 3 gg + 16 h (88) /2,1,88,2,1000,430,,95,,,,
62001DN2,"Ro620/50f34 dc tpm 800 st.5,2",Roica 620 HS-C701,50f34 test. S+Z  PA 66nero,800,13000,"2,87",12,1 x 3 gg + 18 h (90) /2,1,90,2,1000,511,,95,,,,
62002DN,"Cr620/78f24 dc tpm 800 st. 4,8",Creora 620 H300,78f24 test. Z,800,11600,"3,45","11,42",1 x 4 gg (96) /2,2,48,,1100,750,,60,,,,
62002DN2,"Cr620/78f18  dc tpm 800 st. 4,8",Creora 620 H300,78f18 test. Z PA 6 nero,800,11600,"3,45","11,42",1 x 4 gg (96) /2,1,48,,1100,750,,60,,,,
636DN,"Ly22/11f7 dc tpm 1940 st.3,45 (DEF)",Lycra 22 16AL,11f7 poy PA 66,1840,21000,"0,26","0,42",2 x 15 gg + 12 h (744),2,372,,320,295,,4,,,,
7003DN,"Ly78/11f7 dc tpm 1900 st. 3,9  (DL)",Lycra 78 162C,11f7 POY PA 66,1900,21000,"0,36","1,25",1 x 17gg + 15 h (423),1,423,,530,325,,7,,,,
7004DN,"Ly78/13f7 dc tpm 1900 st. 3,8 (DI)",Lycra 78 162C,13f7 POY PA 66,1800,21000,"0,45","1,36",1 x 16 gg + 2 h (386),1,386,,530,415,,7,,,,
7005ZF,"Ly78/44F13 Z TPM 900 st. 4,2 (EC)",Lycra 78 162C,44f13 test. S PA 66,855,15300,"1,73","1,87",3 x 3 gg + 22 h (282),3,94,,530,465,,25,6,,,
7005ZF2,"Ly78/44F13 Z TPM 900 st. 4,2 (EC)",Lycra 78 162C,44f13 test. S  PA 66 nero,855,15300,"1,73","1,87",3 x 3 gg + 22 h (282),3,94,,530,465,,25,6,,,
7005ZN,"Ly78/44F13 Z TPM 900 st. 4,2 (EC)",Lycra 78 162C,44f13 test. S PA 66,855,15300,"1,73","1,87",3 x 3 gg + 22 h (282),3,94,,530,465,,25,,,,
7005ZN2+ZN1,"Ly78/44F13 Z TPM 900 st. 4,2 (EC)",Lycra 78 162C,44f13 test. S PA 66,855,15300,"1,73","1,87",3 x 3 gg + 22 h (282),3,94,,530,465,,25,,,,
7008ZN,Cr 78/44f13 Z tpm 900 st. 4 (EA),Creora 78 H350,44f13 test. S PA 66,855,15400,"1,78","1,99",3 x 3 gg + 20 h (275),3,"91,67",,550,480,,25,,,,
7010ZF,"Ly78/22f7 Z tpm 900 st. 4,2 (EC)",Lycra 78 162C,22f7 test. S PA66,855,18000,"1,32","2,23",2 x 4 gg + 22 h (236),2,118,,530,350,,32,10,,,
7027SF1,"El78/78/68x2 SC S 700 tpm st 3,5 (DF(",Elaspan 78,78f68x2 text PA 66,700,700,"3,76","1,6",8 x 1 gg + 23 h (374),8,47,,,611,56,,4,,,
7032S+ZN,"Ro 78/11f7 S+Z tpm 1800 st. 3,7 (DH)",Roica 78 B835,11f7 POY PA 66,1800,20200,"0,55","1,38",1 x 16 gg + 23 h (407),1,407,,550,315,6,48,,,,
7033ZN,"Cr78/22f7 Z tpm 1500 st. 3,2 (DC)",Creora 78 H350,22f7 test. S PA66,1500,18400,"0,88","1,69",2 x 6 gg + 22 h (332),2,166,,550,290,,32,,,,
7034ZN,"Cr 78/22f7 Z tpm 1900 st. 4,0 (EA)",Creora 78 H350,22f7 test. S PA66,1900,20200,"0,71","1,17",2 x 9 gg + 23 h (477),2,"234,67",,550,380,,32,,05:00:00,"0,5",
7035DN1,"Ly 78/13f5 dc tpm 2100 stiro 3,2 (DC)",Lycra 78 162C,13f5 parallelo PA 66,2100,20000,"0,39","1,32",1 x 16 gg + 18 h (402) /2,1,402,2,530,355,,33,,,,
7036ZN,"Ly78/44F34 Z tpm 900 st. 4,2 (EC)",Lycra 78 162C,44f34 test. S PA 66,855,13200,"1,49","1,61",2 x 6 gg +20 h (329),2,"164,5",,530,690,,25,,,,
749DN,"Ly20/8f5 dc tpm 3000 st. 2,8 (CI)",Lycra 20 188C,8f5 parallelo PA 66,2800,20200,"0,14","0,31",2 x 17 gg + 21 h (431),2,431,,268,185,,43,,,,
749DN mini,"Ly20/8f5 dc tpm 3000 st. 2,8 (CI)",Lycra 20 188C,8f5 parallelo PA 66 minispole,2800,20200,"0,14","0,31",2 x 17 gg + 21 h (431),2,431,,268,185,,43,,,,
848DN,"Ly22/8f5 dc tpm 2100 st. 3,4 (DE)",Lycra 22 16AL,8f5 parallelo PA 66,2118,20200,"0,19","0,35",2 x 18 gg + 21 h (905),2,453,,320,250,,4,,,,
848DN mini,"Ly22/8f5 dc tpm 2100 st. 3,4 (DE)",Lycra 22 16AL,8f5 parallelo PA 66 minispole,2118,20200,"0,19","0,35",2 x 18 gg + 21 h (905),2,453,,320,250,,4,,,,
94001DN,"Cr940/167f36 nero tpm 800 dc st.  3,3 (DD)",Creora 940 H300,167f36 PES nero,800,12500,"8,29","27,64",3 x 13 h (39),3,13,,1110,750,,17,,,,
94001DN-QT791,"Cr940/167f36 nero tpm 800 dc st.  3,3 (DD)",Creora 940 H300,167f36 PES nero,800,12500,"8,29","27,64",3 x 13 h (39),3,13,,1110,750,,RD,,,,
94001DN2,"Cr940/167f36 nero tpm 800 dc st.  3,3 (DD)",Creora 940 H300,167f36 PES nero,800,12500,"8,29","27,64",156,3,13,,1110,750,,RD,,,,
94003DN-2000,"Cr940/167f48 bianco tpm 800 dc st.  3,3 (DD)",Creora 940 H300,167f36 PES bianco 2000,800,12500,"8,39","27,64",3 x 13 h (39),3,13,,1110,766,,RD,,,,
94003DN-5000,"Cr940/167f48 nero tpm 800 dc st.  3,3 (DD)",Creora 940 H300,167f48 PES nero 5000,800,12500,"8,39","27,64",3 x 13 h (39),3,13,,1110,766,,RD,,,,
94003DN-Q1724,"Cr940/167f48 football grey tpm 800 dc st.  3,3 (DD)",Creora 940 H300,167f48 PES football grey,800,12500,"8,39","27,64",3 x 13 h (39),3,13,,1110,766,,RD,,,,
94003DN-Q2717,"Cr940/167f48 volt tint tpm 800 dc st.  3,3 (DD)",Creora 940 H300,167f48 PES volt tint,800,12500,"8,39","27,64",3 x 13 h (39),3,13,,1110,766,,RD,,,,
94003DN-Q3784,"Cr940/167f48 elemental pink tpm 800 dc st.  3,3 (DD)",Creora 940 H300,167f48 PES element pink,800,12500,"8,39","27,64",3 x 13 h (39),3,13,,1110,766,,RD,,,,
94003DN-Q3785,"Cr940/167f48 magic flamingo tpm 800 dc st.  3,3 (DD)",Creora 940 H300,167f48 PES magic flamingo,800,12500,"8,39","27,64",3 x 13 h (39),3,13,,1110,766,,RD,,,,
94003DN-Q5143,"Cr940/167f48 hyper turq tpm 800 dc st.  3,3 (DD)",Creora 940 H300,167f48 PES hyper turq,800,12500,"8,39","27,64",3 x 13 h (39),3,13,,1110,766,,RD,,,,
94003DN-Q7175,"Cr940/167f48 pink foam tpm 800 dc st.  3,3 (DD)",Creora 940 H300,167f48 PES pink foam,800,12500,"8,39","27,64",3 x 13 h (39),3,13,,1110,766,,RD,,,,
94003DN-Q7299,"Cr940/167f48 citron tint tpm 800 dc st.  3,3 (DD)",Creora 940 H300,167f48 PES citron tint,800,12500,"8,39","27,64",3 x 13 h (39),3,13,,1110,766,,RD,,,,
94003DN-Q7300,"Cr940/167f48 alabaster tpm 800 dc st.  3,3 (DD)",Creora 940 H300,167f48 PES alabaster,800,12500,"8,39","27,64",3 x 13 h (39),3,13,,1110,766,,RD,,,,
94003DN-QZ2716,"Cr940/167f48 yellow strike tpm 800 dc st.  3,3 (DD)",Creora 940 H300,167f48 PES yellow strike,800,12500,"8,39","27,64",3 x 13 h (39),3,13,,1110,766,,RD,,,,
94003DN-QZ890,"Cr940/167f48 chlorine blue tpm 800 dc st.  3,3 (DD)",Creora 940 H300,167f48 PES chlorine blue,800,12500,"8,39","27,64",3 x 13 h (39),3,13,,1110,766,,RD,,,,
94003DN-vari colori,"Cr940/167f48 yellow strike tpm 800 dc st.  3,3 (DD)",Creora 940 H300,167f48 PES vari colori,800,12500,"8,39","27,64",3 x 13 h (39),3,13,,1110,766,,RD,,,,
FennyS+ZN,"Ly20/11f5 S+Z tpm 2500 st. 2,6 (CG)",Lycra 20 188C,11f5 miracosmo PA 6,2500,18000,"0,21","0,34",2 x 16 gg (767),2,"383,5",,268,190,36,17,11,,,
FennySN,"Ly20/11f5 Z tpm 2500 st. 2,6 (CG)",Lycra 20 188C,11f5 miracosmo PA 6,2500,18000,"0,21","0,34",2 x 16 gg (767),2,"383,5",,268,190,36,,11,,,
FennyZN,"Ly20/11f5 Z tpm 2500 st. 2,6 (CG)",Lycra 20 188C,11f5 miracosmo PA 6,2500,18000,"0,21","0,34",2 x 16 gg (767),2,"383,5",,268,190,,17,11,,,
M60002DN-902,"Mu600/140 DC 1500 st. 2,7 (CH)",Muriel 600 1/902,Meta Aramide  140 Nm nero,1500,8000,"1,9","7,68",1 x 21 h (21),1,21,,320,70,,49,,,,
M60002DN-A1,"Mu600/140 DC 1500 st. 2,7 (CH)",Muriel 600 1/100,Meta Aramide  140 Nm bianco ottico,1500,8000,"1,9","7,68",1 x 21 h (21),1,21,,320,70,,49,,,,
M60002DN-B4,"Mu600/140 DC 1500 st. 2,7 (CH)",Muriel 600 1/902,Meta Aramide  140 Nm blu royal,1500,8000,"1,9","7,68",1 x 21 h (21),1,21,,320,70,,49,,,,
ManilaS+ZN1,"K22/11f5 S+Z tpm 2500 st. 2,6 (CG)",Mobilon 22 K,11f5 miracosmo PA 6,2500,18700,"0,23","0,39",2 x 22 gg + 21 h (1097),2,"548,5",,440,270,36,17,,,,
ManilaZN1,"K22/11f5 Z tpm 2500 st. 2,6 (CG)",Mobilon 22 K,11f5 miracosmo PA 6,2500,18700,"0,23","0,39",2 x 22 gg + 21 h (1097),2,"548,5",,440,270,,17,,,,
ManilaZN2,"Klc22/11f5 Z tpm 2500 st. 2,6 (CG)",Mobilon 22 KLC,11f5 miracosmo PA 6,2500,18700,"0,23","0,39",2 x 22 gg + 21 h (1097),2,"548,5",,435,270,,17,,,,
S14-60003V2DN 23h,"Mu600/70/1 Nomex DC tpm 1100 st. 4,4 (EE)",Muriel 600 1/902,Nomex 70/1 Nm S+Z,1100,8500,"2,74","6,84",2 x 23 h (47),2,23,,320,180,,49,,,,
S14-60003V2DN 2gg,"Mu600/70/1 Nomex DC tpm 1100 st. 4,4 (EE)",Muriel 600 1/902,Nomex 70/1 Nm S+Z,1100,8500,"2,74","6,84",1 x 1 gg + 22 h (47),1,46,,320,,,49,,,,
S14-60005V2DN,"Muriel 600/90/1 Nomex dc 1200 st. 4,5 (EF)",Muriel 600 1/100,90/1 Nomex,1200,9000,"2,42","6,5",2 x 1 gg  (49),2,24,,320,,,49,,,,
S15-160018DN,"Mu1600/50/1 kevlar DC tpm 800 st. 5,0 (FA)",Muriel 1600 1/100,50/1 kevlar,800,7000,"5,19","15,75",1 x 1 gg + 13 h (37),1,37,,584,450,,49,,,,
S15-60008V2DN2,"Muriel 600/83f36 nero dc 1500 st. 4,5 (EF)",Muriel 600 1/902,83f36 test. S PES,1500,13200,"2,33","7,42",2 x 1 gg + 19 h   (43),1,43,,320,,,49,,,,
S15-60008V3DN2,"Muriel 600/83f36 nero dc 1500 st. 4,7 (EH)",Muriel 600 1/902,83f36 test. S PES,1500,12700,"2,21","6,84",2 x 1 gg + 22 h   (46),1,46,,320,,,49,,,,
S15-60008V3DNcolorat,"Muriel 600/83f36  dc 1500 st. 4,7 (EH)",Muriel 600 1/100,83f36 test. S PES colorata,1500,12700,"2,21","6,84",2 x 1 gg + 22 h   (46),1,46,,320,,,49,,,,
S15-700002DN,"Mu7000/167f36 nero dc tpm 550 st. 5,0 (FA)",Muriel 7000 1/902,167f36 test. S PES nero,550,9000,"22,39","134,14",1 x 8 h (8),1,8,,2000,150,,49,,,,
S16-60015V2DN2,"Mu600/100/1 aramidico DC tpm 1250 st. 4,5 (EF)",Muriel 600 1/902,Nomex 100/1 Nm S,1250,10000,"2,46","7,25",1 x 1 gg + 20 h (44),1,44,2,320,265,,49,,,,
S16-60015V2DNA1,"Mu600/100/1 aramidico DC tpm 1250 st. 4,5 (EF)",Muriel 600 1/100,Nomex 100/1 Nm S bianco ottico,1250,10000,"2,46","7,25",1 x 1 gg + 20 h (44) 22h cambio spole,1,44,2,320,,,49,,,,
S16-60017V2DN-A2,"Mu600/60/1 aramid mista DC tpm 700 st. 4,5 (EF)",Muriel 600 1/100,60/1 Nm Aramidica mista MELANGE,700,8000,"4,5","9,87",1 x 16 h (16),1,16,,320,210,,49,,,,
S16-60017V2DN-B5,"Mu600/60/1 aramid mista DC tpm 700 st. 4,5 (EF)",Muriel 600 1/902,60/1 Nm Aramidica mista BLU NAVY,700,8000,"4,5","9,87",1 x 16 h (16),1,16,,320,210,,49,,,,
S17-100004DN,"Mu1000+62f18/62f18 DC tpm 800 st. 1,8 (BI)",Muriel 1000 1/100+ 62f18 pva,62f18 PVA,800,8000,"5,5","30,17",1 x 12 h (12),1,12,,,55,,57,,,,
S17-60040DN,"Mu600+62f18/62f18 DC tpm 800 st. 1,8 (BI)",Muriel 600 1/100+ 62f18 pva,62f18 PVA,800,8000,"4,4","21,6",1 x 15 h (15),1,15,,,70,,57,,,,
S17-80012DN,"Mu800/1/100+62f18/62f18 DC tpm 800 st. 1,8",Muriel 800 1/100+ 62f18 pva,62f18 PVA,800,7000,"4,8","24,67",1 x 11 h (11),1,11,,,55,,57,,,,
S18-120019DN,"Mu1200/83f36 nero DC tpm 1000 st. 4,8 (EI)",Muriel 1200 1/902,83f36 test. Z PES nero,1000,10100,"3,32","13,95",1 x 1 gg + 19 h  (43),1,43,,300,250,,49,,,,
S18-140002DN,"Mu1400/62f18 solvron DC tpm 700 st. 3,6 (DG)",Muriel 1400 1/100,62f18 PVA,700,8200,"4,49","24,7",1 x 12 h (12),1,12,,290,60,,57,,,,
S18-160040DN,"Mu1600/62f18 solvron dc tpm 700 st. 3,6 (DG)",Muriel 1600 1/100,62f18 PVA,700,8200,"4,1","28,85",1 x 9 h (9),1,9,,584,65,,57,,,,
S18-160044DN100,"Mu 1600+62f18/62f18 dc tpm 800 st. 1,8 (BI)",Muriel 1600/1/100,62f18 PVA,800,8000,"7,9","49,36",1 x 8 h (8),1,8,,,40,,57,,,,
S18-200014DN,"Mu2000/62f18 DC tpm 700 st. 3,6 (DG)",Muriel 2000 1/902,62f18 PVA,700,8200,"5,96","36,11",1 x 22 h (22),1,22,,1780,115,,57,,,,
S18-200017DN,"Muriel 2000+62f18/62f18 dc tpm 800 st. 1,8",Muriel 2000/1/100+62f18,62f18 PVA,800,8000,"9,56","61,67",1 x 0 gg + 3 h  (3),1,3,,,15,,57,,,,
S18-200017DN2,"Mu2000+62f18/62f18 DC tpm 800 st. 1,8 (BI)",Muriel 2000 1/902+62f18,62f18 PVA,800,8000,"9,56","61,67",1 x 0 gg + 3 h (3),1,3,,,15,,57,,,,
S18-60042V2DN,Muriel 600/62f18 dc tpm 700 st. 4 (EA),Muriel 600/1/100,62f18 PVA,700,10000,"3,43","14,4",1 x 22 h (22),1,22,,,140,,57,,,,
S18-60042V4DN,Muriel 600/62f18 dc tpm 700 st. 4 (EA),Muriel 600/1/100 70 shore,62f18 PVA,700,10000,"3,43","14,4",1 x 22 h (22),1,22,,,140,,57,,,,
S18-60043DN,"Mu600/120/1 Nomex DC 1400 st. 4,5 (EF)",Muriel 600 1/902,Nomex 120/1 Nm,1400,10000,"1,88","6,17",1 x 15 h (15),1,15,,320,220,,49,,,,
S18-60046V2DN,"Mu600+62f18/70-1 DC tpm 1100 st. 1,8 (BI)",Muriel 600 1/902/pva,Nomex 70/1 parisblue,1100,7000,"4,92","16,32",1 x 7 h (7),1,7,,320,180,,57,,,,
S18-700005DN,"Mu7000+167f48/167f48 DC tpm 800 st. 2,0 (CA)",Muriel 7000 1/902,167f48 test. PES,800,7300,"4,52","194,4",1 x 5 h (5),1,5,,2000,100,,49,,,,
S180001DN,"Muriel 1800/62f18 dc tpm 700 st. 3,6",Muriel 1800/1/100 70 shore,62f18 PVA,700,9000,"6,07","35,79",1 x 0 gg + 5 h  (5),1,5,,,30,,57,,,,
S19-160046DNcol.vari,"Mu 1600/167f48x2 dc tpm 700 st. 5,0 (FA)",Muriel 1600/1/100,167f48x2 test PES,700,8000,"9,11","19,89",1 x 15 h (15),1,15,,,387,,49,,,,
S19-160046DNcol.vari,"Mu 1600/167f48x2 dc tpm 700 st. 5,0 (FA)",Muriel 1600/1/902,167f48x2 test PES,700,8000,"9,11","19,89",1 x 15 h (15),1,15,,,387,,49,,,,
S19-160053DN,Mu1600/34 DC tpm 700 st. 5 (FA),Muriel 1600 1/902,Modacryl 34/1 Nm,700,7000,"7,93","18,14",1 x 13 h (13),1,13,,1840,280,,49,,,,
S19-200021DN,"Mu 2000+62f18/62f18 dc tpm 800 st. 1,8 (BI)",Muriel 2000 sensor/pva,62f18 PVA,800,8000,"8,66","53,16",12h,1,"7,5",,400,,,57,,,,
S19-60052DN,"Mu600/70/1 Ker/Vfr/arm DC tpm 1100 st. 4,4 (EE)",Muriel 600 1/100,Ker/Vfr/arm 70/1 Nm GREEN,1100,8200,"2,72","6,81",1 x 1 gg + 22 h (47) /2 cambio spole,1,46,2,320,170,,49,,,,
S19-60052DN-B8,"Mu600/70/1 Ker/Vfr/arm DC tpm 1100 st. 4,4 (EE)",Muriel 600 1/902,Ker/Vfr/arm 70/1 Nm blu marino,1100,8200,"2,72","6,81",1 x 1 gg + 22 h (47) /2 cambio spole,1,46,2,320,170,,49,,,,
S19-60052DN-B9,"Mu600/70/1 Ker/Vfr/arm DC tpm 1100 st. 4,4 (EE)",Muriel 600 1/902,Ker/Vfr/arm 70/1 Nm BLU,1100,8200,"2,72","6,81",1 x 1 gg + 22 h (47) /2 cambio spole,1,46,2,320,170,,49,,,,
S19-60052DN2,"Mu600/70/1 Ker/Vfr/arm DC tpm 1100 st. 4,4 (EE)",Muriel 600 1/902,Ker/Vfr/arm 70/1,1100,8200,"2,72","6,81",1 x 1 gg + 22 h (47) /2 cambio spole,1,46,2,320,,,49,,,,
S19-60054DN,"Mu600/132 DC tpm 1500 st. 4,5 (EF)",Muriel 600 1/902,Aramide 132 Nm S,1500,9000,"1,56","5,15",1 x 1 gg + 6 h (30),1,30,,320,220,,49,,,,
S19-60058V2DN,"Muriel 600/70/1/23 dc 1100 st. 4,5 (EF)",Muriel 600 1/100,Aramide70/1 Nm/23 Negastat,1100,8500,"4,21","6,67",1 x 1 gg + 23 h (48),1,47,,320,,,49,,,,
S19-60064V3DN,"Mu600/78f34 dc  tpm 700 dc st. 4,5 (EF)",Muriel 600 1/100,78f34 test. S + Z PA 66  grey U427,700,14000,"4,7","17,06",1 X 19 h (19),1,19,,320,190,,49,,,,
S19-60064V3DN-U427,"Mu600/78f34 dc  tpm 700 dc st. 4,5 (EF)",Muriel 600 1/100,78f34 test. S PA 66 grey U427,700,14000,"4,7","17,06",1 X 19 h (19),1,19,,320,190,,49,,,,
S19-60064V3DN-U427 C,"Mu600/78f34 dc  tpm 700 dc st. 4,5 (EF)",Muriel 600 1/100,78f34 test. S PA 66 grey U427,700,14000,"4,7","17,06",1 X 19 h (19),1,19,,320,190,,49,,,,
S19-60064V3DN-U427 C,"Mu600/78f34 dc  tpm 700 dc st. 4,5 (EF)",Muriel 600 1/100,78f34 test. S PA 66 grey U427,700,14000,"4,7","17,06",1 X 19 h (19),1,19,,320,190,,49,,,,
S19-60065DN,"Mu600/78f66 DC tpm 700 st. 4,5 (EF)",Muriel 600 1/100,78f66 recy PCR PES,700,12000,"4,24","15,34",1 x 10 h (10),1,10,,320,180,,49,,,,
S20-60076V2DN,"Mu 600+62f18/70-1  dc tpm 1100 st. 1,8 (BI)",Muriel 600 1/902/pva,Nomex 70/1 parisblue+pva,900,9000,"5,93","24,86",1 x 12 h,1,12,,320,150,,49,,,,
S21-100011DN100 A230,"Mu 1000/62f18 dc tpm 800 st. 2,2 (CC)",Muriel 1000 1/100,62f18 PVA,800,8000,"4,32","24,68",1 x 16 h (16),1,16,,400,75,,57,,,,
S21-500011DN,"Muriel 5000/62f18 dc tpm 1100 st. 2,0 (CA)",Muriel 5000 1/100,62f18 PVA,1100,8000,"14,17",101,1 x 10 h,1,10,,1000,50,,57,,,,
S21-60081DN-B5,"Mu600/70/1 Nomex DC 700 st. 4,5 (EF)",Muriel 600 1/902,Nomex 70/1 Nm Blu Void,700,8500,"4,52","10,52",1 x 15 h (15),1,15,,320,360,,49,,,,
S21-60082DNB,"Muriel 600/70/1 Nomex dc 1100 st. 4,4 (EE)",Muriel 600 1/902,Nomex 70/1 Nm paris blu,1100,8500,"2,75","6,82",1 x 1 gg + 22 h (46),1,46,,320,360,,49,,,,
S21-60083DN,"Mu600/120/1 Nomex DC 1400 st. 4,5 (EF)",Muriel 600 1/100/hypercarb,Nomex 120/1 Nm,1400,10000,"1,89","6,17",1 x 25 h (25),1,25,,320,200,,49,,,,
S21-60083V2DN,"Mu600/120/1 Nomex DC 1250 st. 4,1 (EB)",Muriel 600 1/100/hypercarb,Nomex 120/1 Nm,1250,9000,"2,19","7,27",1 x 21 h (21),1,21,,320,210,,49,,,,
S21-60083V3DN1,"Mu600/120/1 Aramidico dc 1400 st. 4,5 (EF)",Muriel 600 1/100/hypercarb,Nomex 120/1 Nm,1400,10000,"1,89","6,17",2 x 1 gg h (48),2,24,,320,240,,49,,,,
S21-60090DN100,"Mu600/70/1 Nomex DC tpm 1100 st. 4,4 (EE)",Muriel 600 1/100,Nomex 70/1 Nm S,1100,8500,"3,05","7,33",1 x 1 gg + 19 h (43),1,43,,320,375,,49,,,,
S21-60091V3DN   A230,"Muriel 600/70/62f18 dc tpm 900 stiro 2,2 (CC)",Muriel 600/1/902,Nomex 70/1 +pva 62f18,900,8000,"3,79","15,71",1 x 0 gg + 20 h  (20),1,20,,,196,,49,,,,
S22-120027DN2,"Mu 1200/167f36 dc tpm 600 st. 4,5 (EF)",Muriel 1200/1/902,167f36 test PES,600,10000,"8,27","24,55",1 x 24 h (24),1,24,,,480,,49,,,,
S22-120027V2DN2,"Mu 1200/167f36 dc tpm 800 st. 4,5 (EF)",Muriel 1200/1/902,Pes 167f36 test  PES,800,13000,"8,06","23,94",1 x 24 h (24),1,24,,,480,,49,,,,
S22-200037DN,Mu 2000/83f36 dc tpm 800 st. 5 (FA),Muriel 2000 1/902,83f36 test PES,800,12000,"6,5","33,19",1 x 8 h (8),1,8,,1780,80,,49,,,,
s22-700011DN,"Muriel 7000/167f36 dc tpm 550 st. 5,0 (FA)",Muriel 7000 food,167f36 test. S PES alimentare,550,9000,"22,38","134,13",1 x 8 h,1,"7,45",,1000,155,,49,,,,
S300020DN,"Muriel 3000/67f24x2 dc tpm 400 st. 3,0 (DA)",Muriel 3000/1/100,67/24x2 test. PA 66,400,7000,"16,96","97,19",1 x 5 h,1,"4,5",,,90,,49,,,,
S600A03DN,"Muriel 600/50/1 mista cotone dc 700 st. 4,5 (EF)",Muriel 600 1/100,cotone mista 50/1 Nm,700,7000,"4,5","8,93",2x 18 h,2,18,,320,245,,49,,,,
S600A04DN,"Muriel 600/50/1/39 dc 700 st. 4,5 (EF)",Muriel 600 1/100,"cotone mista 50/1, Negasta 39",700,7000,"4,5","8,93",2x 18 h,2,18,,320,245,,49,,,,
S600A07DN,"Muriel 600/70 dc tpm 1000 st. 4,6",Muriel 600/1/902,Aramide 70/1 Nm tors. S,1000,8200,"2,99","7,15",1 x 1 gg + 22 h  (46),1,45,,,370,,49,,,,
S600A14DN,"Muriel 600/45f72 dc tpm 1300 st. 4,5",Muriel 600 1/100,45f72 test. PES,1300,12300,"1,87","8,17",1 x 1 gg + 15 h  (39),1,39,,320,126,,49,,,,
S600A16ZN100,"Muriel 600-62f18 Z tpm 700 st. 4,0",Muriel 600/1/100,PVA 62f18,700,10000,"5,27","14,4",1 x 22 h  (22),1,22,,,140,,57,,,,
X10-7811V2ZN,Ly78/22f17 Z tpm 1800 (DL),Lycra 78 162C,22f17 test. S super opaco PA 66,1700,18900,"0,71","1,23",3 x 5 gg + 23 h (427),3,"142,33",,530,220,,32,,,,
X11-1599V4DN,"Ly17/13f5/40f40 DC tpm 900 st. 3,2 (DC)",Lycra 17 16AL,13f5 Z  PA 66 + 40f40 S  PA 66,900,17000,"0,88","0,54",3 x 9 gg + 5 h (664),3,"221,33",,400,,,14,,,,
X11-1798S+ZN,"Ly17/78f68 S+Z tpm 500 st. 3,2 (DC)",Lycra 17 16AL,78f68 test. S+Z  PA 66 innergy,500,11000,"2,92","0,63",7 x 2 gg + 21 h (482),7,69,,400,745,16,23,,,,
X14-1707DN,"K17/22f20 DC tpm 1600 st. 2,8 (CI)",Mobilon 17 K,22f20 test. S+Z PA 66,1550,18000,"0,47","0,42",4 x 8 gg + 18 h (839),4,"209,75",,355,340,,4,,,,
X14-2209S+Z,"Ro22/44f34 S+Z tpm 600 st. 3,2 (DC)",Roica 22 B845,44f34 test. S  PA 66 aquarius,580,12300,"1,73","0,88",4 x 5 gg + 23 h ( 573),4,143,,510,845,16,23,,,,
X14-2214S+ZN,"KL22/16f10 S+Z tpm 1400 st. 2,75 (CHF)",Mobilon 22 KL,16f10 test. S+Z PA 66,1330,16500,"0,51","0,61",3 x 9 gg + 20 h  (707),3,"235,67",,435,322,39,3,,,,
X14-2216S+ZN,"Ro22/22f10 S+Z tpm 1000 st. 3,2 (DC)",Roica 22 B845,22f10 test. S+Z innergy PA 66,950,18000,"0,87","0,79",4 x 6 gg + 16 h (642),4,"160,5",,510,420,39,3,,,,
X14-2219ZN,"Ro22/13f5 Z tpm 1300 st. 2,8 (CI)",Roica 22 B845,13f5 test. S PA 66,1230,21000,"0,56","0,81",3 x 8 gg + 16 h (623),3,"207,67",,510,290,,1,,,,
X14-33001DN2,"Ly330/22f7 DC tpm 1200 st. 4,7 (EH)",Lycra 330 902C,22f7 test. S nero PA 66,1200,18000,"1,37","6,55",2 x 3 gg + 20 h (183),2,"91,5",,947,195,,33,,,,
X14-4424V2ZN,"Ro44/167f50 Z tpm 600 st. 3,2 (DC)",Roica 44 B845,167f50 viscosa,600,7000,"3,37","0,91",9 x 2 gg + 21 h (620),9,"68,89",,560,232,,RD,,,,
X14-7801SN2,"Cr 78/33f10x2 S tpm 800 st. 3,9 (DL)",Creora 78 H350,33f10x2 test. PA 66,800,13800,"2,33","1,86",3 x 3 gg + 22 h (282),3,94,,550,675,,25,,,,
X15-13097S+ZN,"Ly130/44f34 breeze S+Z tpm 900 st. 4,2 (EC)",Lycra 130 902C,44f34 test. S+Z  PA 66 breeze,855,14000,"1,98","2,96",3 x 4 gg + 23 h (356),3,"118,67",,1046,565,26,26,,,,
X15-15696DN,"Ro156/44f34 dc tpm 1200 st. 2,7 (CH)",Roica 156 P85B,44f34 test. S+Z  PA 66 breeze,1200,12900,"1,42","3,68",2 x 2 gg + 23 h (141) /2,4,"35,25",,520,261,,49,,,,
X15-15697V3DN,"Ro156/78f68 DC tpm 1200 st. 2,7 (CH)",Roica 156 P85B,78f68 test. S+Z  PA 66 breeze,1200,12700,"1,98","3,62",3 x 2 gg (144),3,48,,520,425,,38,,,,
X15-1791V2S+Z,"Ro17/13f4 S+Z tpm 1600 st. 2,8 (CI)",Roica 17 BX-K845,13f4 parallelo breeze  PA 66,1600,21000,"0,39","0,45",5 x 9 gg + 15 h (1156),5,"231,2",,342,250,12,11,,,,
X15-1797S+ZN,"Cr17/13f14 S+Z tpm 1500 st. 2,8 (CI)",Creora 17 H350,13f14 parallelo PA 66,1430,19300,"0,4","0,46",3 x 12 gg +22 h (929),3,"309,67",,422,345,12,11,,,,
X15-2278ZN,"Cr22/22f48 Z tpm 800 st. 3,2 (DC)",Creora 22 H350,22f48 test. S PES,800,13600,"0,77","0,66",6 x 5 gg + 16 h (814),6,"135,67",,550,320,,3,,,,
X16-10001S+ZN,"Ly100/17f5 S+Z tpm 1300 st. 4,2 (EC)",Lycra 100 902C,17f5 test. S+Z PA 66,1280,20500,"0,99","2,16",1 x 10 gg  (240),1,240,,500,412,26,26,,,,
X16-1201V2S+ZN,"Ly12/11f5 S+Z  tpm 1900 st. 2,8 (CI)",Lycra 12 777F,11f5 miracosmo PA 6,1810,20700,"0,27","0,31",2 x 17 gg (817),2,"408,5",,250,311,36,17,,,,
X16-1717S+ZN1,"Ly17/44f34 test. S+Z tpm 1000 st. 3,2 (DC)",Lycra 17 16AL,44f34 test. S+Z PA 66,900,13000,"1,13","0,41",8 x 3 gg + 20 h (734),8,"91,75",,400,370,16,23,,,,
X16-2209S+ZN,"K22-8f5 S+Z tpm 2100 st. 2,6 (CG)",Mobilon 22 K,8f5 parallelo PA 66,2100,22000,"0,28","0,55",2 x 15 gg + 23 h (765),2,"382,5",,440,202,36,17,,,,
X16-2213S+Z,"Ly22/78f68 S+Z tpm 600 st. 3,2 (DC)",Lycra 22 16AL,78f68 test. S PA 66,580,13600,"3,19","0,93",5 x 3 gg  (360),5,72,,320,775,16,23,,,,
X16-2213ZN,"Ly22/78f68 Z tpm 600 st. 3,2 (DC)",Lycra 22 16AL,78f68 test. S PA 66,580,13600,"3,19","0,93",5 x 3 gg  (360),5,72,,320,775,,23,,,,
X16-2222S+ZN,"Ly22/17f7 S+Z  tpm 1800 st. 3,4 (DE)",Lycra 22 16AL,17f7 parallelo lucido PA 66,1710,21000,"0,45","0,46",2 x 11 gg + 8 h (544),2,272,,320,360,39,3,,,,
X16-23503V2SN,"Ly235/33f34 S tpm 900 st. 4,0 (EA)",Lycra 235 26AL,33f34 test. Z PA 66,880,14000,"2,38","5,35",2 x 3 gg + 21 h (187),2,"93,5",,990,370,26,,,,,
X16-23504DN,Ly235/22f7 dc tpm 1400 st. 4 (EA),Lycra 235 26AL,78f68 test. S+Z  PA 66 bianco,1400,20200,"1,16","4,85",1 x 8 gg + 14 h (206),1,206,,990,435,,38,,,,
X16-4404DN,"Ly44/22f9 DC tpm 1900 st. 3,9 (DL)",Lycra 44 162C,22f9 parallelo PA 66,1900,20700,"0,48","0,72",3 x 9 gg + 18 h (702),3,234,,517,360,,7,,,,
X16-6101ZN,"Cr61/60f60 Z tpm 1000 st. 3,2 (DC)",Creora 61 H350,60f60 test. S PA 66,1000,11400,"1,42","1,24",3 x 5 gg + 23 h (427),3,"142,33",,555,615,,41,,,,
X17-10099DN2,"Ly100/44f34 DC tpm 1200 st. 4,5 (EF)",Lycra 100 902C,44f34 test. S  PA 66 nero,1200,18000,"1,28","1,9",4 x 2 gg + 18 h (263),4,"65,75",,500,270,,38,,,,
X17-1396ZN,"Ly13/22f7 Z  tpm 1100 st. 2,6 (CG)",Lycra 13 16LL,22f7 test. S PA66,1050,21000,"0,83","0,48",9 x 4 gg (864),9,96,,411,265,,3,,,,
X17-1397S+ZN,"Ly13/11f7 S+Z  tpm 1500 st. 2,6 (CG)",Lycra 13 16LL,11f7 poy PA 66,1500,21000,"0,33","0,34",4 x 12 gg + 21 h (1235),4,"308,75",,411,300,,1,,,,
X17-1794S+ZN,"Ro17/50f40 S+Z tpm 800 st. 3,0 (DA)",Roica 17 D845,50f40 test. S+Z PA 66,760,13400,"1,56","0,54",6 x 5 gg + 22 h (853),6,"142,17",,300,790,,23,,,,
X17-20099V3ZF1,"Ly200/33f20 Z tpm 1200 st. 4,2 (EC)",Lycra 200 902C,33f20 test. S PA 66,1250,18000,"1,79","3,85",2 X 5 gg (242),2,121,,922,380,,44,18,,,
X17-20099ZN,"Ly200/33f20 Z tpm 900 st. 4,2 (EC)",Lycra 200 902C,33f20 test. S PA 66,855,17300,"2,61","5,78",2 x 3 gg + 23 h (190),2,95,,922,420,,19,,,,
X17-2097DN,"Ly20/8f5 DC tpm 3000 st. 2,8",Lycra 20 188C,8f5 parallelo PA 66,2800,22000,"0,15","0,34",2 x 16 gg + 2 h (772),2,386,,268,152,,43,,,,
X17-23598DN-2075,"Ly235/78f24x2 dc tpm 780 st. 4,15 (EBF)",Lycra 235 26AL,78f24x2 PA 6 tinto filo lime,780,11250,"4,86","5,09",11 x 19 h (213),11,"19,36",,990,780,,38,,,,
X17-23598DN2,"Ly235/78f24x2 dc tpm 780 st. 4,15 (EBF)",Lycra 235 26AL,78f24x2 PA 6 tinto filo nero,780,11250,"4,86","5,09",11 x 19 h (213),11,"19,36",,990,780,,38,,,,
X17-23599DN,"Ly235/167f96 DC tpm 780 st. 4,2 (EC)",Lycra 235 26AL,167f96 test. 3 PES colori,780,11250,"5,27","5,07",5 x 1 gg + 19 h (214),5,"42,8",,990,775,,38,,,,
X17-4487V4S+ZN,"Ro44/22f34 S+Z tpm 1700 st. 3,4 (DE)",Roica 44 B845,22f34 parallelo PA 66,1680,18000,"0,58","0,78",3 x 10 gg (717),3,239,,560,355,,32,,,,
X17-4488DN,"Ro44/44f13 Z tpm 1300 st. 3,6(DG)",Roica 44 B845,44f13 test. S PA 66,1300,16300,"1,24","1,07",10 x 2 gg + 2 h (502),10,"50,2",,560,216,,48,,,,
X17-4489ZF,"Ro44/110f40 Z tpm 800 st. 3,2(DC)",Roica 44 D845,110f40 viscosa cinese op.,800,8500,"2,1","0,82",6 x 4 gg + 18 h (683),6,"113,83",,580,840,,58,4,,,
X17-4495ZN,"Cr44/22f7 Z tpm 1500 st. 3,6 (DG)",Creora 44 H350,22f7 test. S PA66,1500,19000,"0,67","0,88",3 x 8 gg + 22 h (642),3,214,,550,370,,32,,,,
X17-5095S+ZF,"Ly50/44f13 S+Z tpm 1750 st. 3,6 (DG)",Lycra 50 902C,44f13 parallelo PA 66,1680,18900,"1,03","0,9",3 x 6 gg + 22 h (500),3,"166,67",,450,520,35,35,3,,,
X17-5095SF,"Ly50/44f13 S+Z tpm 1750 st. 3,6 (DG)",Lycra 50 902C,44f13 parallelo PA 66,1680,18900,"1,03","0,9",3 x 6 gg + 22 h (500),3,"166,67",,450,520,35,,3,,,
X17-5095ZF,"Ly50/44f13 S+Z tpm 1750 st. 3,6 (DG)",Lycra 50 902C,44f13 parallelo PA 66,1680,18900,"1,03","0,9",3 x 6 gg + 22 h (500),3,"166,67",,450,520,,35,3,,,
X17-7895S+ZN,"Ly78/44F34 SZ tpm 900 st. 4,2 (EC)",Lycra 78 162C,44f34 test. S+Z PA 66,855,13200,"1,49","1,61",2 x 6 gg +20 h (329),2,"164,5",,530,690,,25,,,,
X17-7898ZF,"Ly78/22f7 Z tpm 1550 st. 4,0 (EA)",Lycra 78 162C,22f7 parallelo PA 66,1500,21000,"0,89","1,55",2 x 7 gg  +1 h (339),2,"169,5",,530,330,,48,9,,,
X17-7898ZN,"Ly78/22f7 Z tpm 1550 st. 4,0 (EA)",Lycra 78 162C,22f7 parallelo PA 66,1500,21000,"0,89","1,55",2 x 7 gg  +1 h (339),2,"169,5",,530,330,,48,,,,
X18-0002ZN,"PA22/44f34 Z tpm 600 st. 1,0 (BA)",PA 6.6 22f7 test. S,44f34 test. S PA 66,600,11000,"1,92","2,42",1 x 2 gg + 2 h (50),1,50,,,252,,38,,,,
X18-1301ZN,"Ly13/44f34 Z tpm 900 st. 2,8 (CI)",Lycra 13 16LL,44f34 test. S PA 66,855,17000,"1,52","0,51",11 x 2 gg + 23 h (783),11,71,,411,386,,23,,,,
X18-1301ZN2,"Ly13/44f34 Z tpm 900 st. 2,8 (CI)",Lycra 13 16LL,44f34 test. S PA 66,855,17000,"1,52","0,51",11 x 2 gg + 23 h (783),11,71,,411,386,,23,,,,
X18-15601DN,"Ly156/17f5 par dc tpm 1823 st. 3,45 (DEF)",Lycra 156 162C,17f5 parallelo  PA 66,1823,18600,"0,6","2,75",2 x 8 gg + 17 h (417),2,193,,1063,230,,30,,,,
X18-15602DN,"Ly156/13f5 dc tpm 1700 st. 3,2 (DC)",Lycra 156 162C,13f5 test. S+Z PA 66,1700,16500,"0,61","2,89",2 x 7 gg + 18 h (372),2,186,,1063,172,,30,,,,
X18-2203S+ZN2,"KLC22/11f7 S+Z tpm 1900 st. 2,8 (CI)",Mobilon 22 KLC,11f7 parallelo PA 66 nero,1810,21000,"0,35","0,56",2 x 16 gg (771),2,"385,5",,435,305,36,17,,,,
X18-2203ZF2,"KLC22/11f7 Z tpm 1900 st. 2,8 (CI)",Mobilon 22 KLC,11f7 parallelo PA 66 nero,1810,21000,"0,35","0,56",2 x 16 gg (771),2,"385,5",,435,305,,17,11,,,
X18-2203ZN2,"KLC22/11f7 Z tpm 1900 st. 2,8 (CI)",Mobilon 22 KLC,11f7 parallelo PA 66 nero,1810,21000,"0,35","0,56",2 x 16 gg (771),2,"385,5",,435,305,,17,,,,
X18-2208SN,"Cr22/78f68 S tpm 500 st. 3,2 (DC)",Creora 22 H350,78f68 Z breeze gg PA 66,500,12000,"3,42","1,01",8 x 2 gg + 20 h (545),8,68,,550,845,16,,,,,
X18-2208SN1+SN2,"Cr22/78f68 S tpm 500 st. 3,2 (DC)",Creora 22 H350,78f68 Z breeze  PA 66gg e nero,500,12000,"3,42","1,01",8 x 2 gg + 20 h (545),8,68,,550,845,16,,,,,
X18-2208ZN2,"Cr22/78f68 Z tpm 500 st. 3,2 (DC)",Creora 22 H350,78f68 S breeze PA 66 nero,500,12000,"3,42","1,01",8 x 2 gg + 20 h (545),8,68,,550,845,,23,,,,
X18-31005ZN,"Ly310/11f7 Z tpm 1250 st. 3,34 (DDE)",Lycra 310 162C,11f7 test. S PA 66,1250,15000,"1,97","6,82",2 x 3 gg + 4 h (153),1,153,,1046,130,,,,,,
X18-33001ZF1+ZF2,"Ly330/22f7 Z tpm 1400 st. 4,2 (EC)",Lycra 330 902C,22f7 test. S e 22f10 nero PA 66,1400,19000,"2,41","7,46",1 x 5 gg + 5 h (125),1,125,,947,245,,26,4,,,
X18-33001ZN,"Ly330/22f7 Z tpm 1400 st. 4,2 (EC)",Lycra 330 902C,22f7 test. S e 22f10 nero PA 66,1400,19000,"2,41","7,46",1 x 5 gg + 5 h (125),1,125,,947,245,,26,,,,
X18-4401S+Z,"Ro44/22f7 S+Z tpm 1640 st. 3,6 (DG)",Roica 44 B845,22f7 parallelo PA 66,1480,21000,"0,75","0,98",3 x 8 gg (574),3,"191,33",,560,376,9,32,,,,
X18-4403S+ZN,"Ro44/44f34 S+Z tpm 650 st. 3,2 (DC)",Roica 44 B845,44f34 test. S+Z PA 66,650,11800,"1,65","1,41",2 x 6 gg + 22 h (333),2,"166,5",,560,840,22,41,,,,
X18-4405DN,"Ro44/44f34 DC tpm 2400 st. 3,6 (DG)",Roica 44 B845,44f34 test. S+Z PA 66,2300,15800,"0,55","0,48",7 x 8 gg + 15 h (1452),7,"207,43",,560,415,,48,,,,
X18-4405DN+DN2,"Ro44/50f34 dc tpm 2400 st. 3,6 (DG)",Roica 44 B845,50f34 test. S+Z  PA 66 nero,2300,15800,"0,61","0,48",6 x 7 gg + 9 h (1241),6,"206,83",,560,415,,48,,,,
X18-4406V2SN,"Ro44/16f10 S tpm 1250 st. 2,9 (CL)",Roica 44 C805,16f10 test. Z PA 66,1250,18500,"0,75","1,23",2 x 8 gg + 15 h (412),2,206,,500,335,,52,,,,
X18-7803ZN,"El78/78f18 Z tpm 900 st. 4,0 (EA)",Creora 78 H350,78f18 test. S PA 6 vari colori,855,13200,"2,37","1,71",4 x 3 gg + 17 h (357),3,119,,550,815,,25,,,,
X19-2281V4S+Z,"KL22/13f10 S+Z  tpm 1500 st. 2,8 (CI)",Mobilon 22 KL,13f14 parallelo PA 66,1480,18500,"0,43","0,62",3 x 9 gg + 19 h (706),3,"235,33",,435,251,36,17,,,,
X19-2288ZN,"Ro22/78f18 Z tpm 500 st. 3,2 (DC)",Roica 22 B845,78f18 test. S PA 6,500,11000,"3,04","0,82",9 x 2 gg + 20 h (610),9,"67,78",,510,752,,23,,,,
X19-2291DN,"Ly22/5f3 DC tpm 2700 st. 2,8 (CI)",Lycra 22 16AL,5f3 POY PA 66,2580,22000,"0,12","0,39",2 x 16 gg+ 20 h (808),2,404,,320,110,,29,,,,
X19-2292S+Z,"K22/13f10 S+Z tpm 1900 st. 2,8 (CI)",Mobilon 22 K,13f10 parallelo PA 66,1810,21000,"0,39","0,56",3 x 11 gg +14 h (833),3,"277,67",,440,265,36,17,,,,
X19-2499SN2,"XLA24/22f10 S tpm 900 st. 3,2 (DC)",XLA 24 xla,22f10 test. Z nero PA 66,880,18500,"0,99","0,93",2 x 4 gg + 12 h (216),2,108,,200,,39,,,,,
X19-2499V2SN2,"XLA24/22f10 S tpm 900 st. 3,4 (DE)",XLA 24 xla,22f10 test. Z nero PA 66,880,17500,"1,03","0,85",2 x 4 gg + 21 h (234),2,117,,200,370,39,,,,,
X19-4490S+ZN,"Ro44/40f40 S+Z tpm 550 st. 3,6 (DG)",Roica 44 B845,40f40 test. S+Z PA 66,550,13000,"1,9","1,6",5 x 2 gg + 22 h (351),5,"70,2",,560,440,RD,RD,,,,
X19-4491V2SF+ZF,"Ly44/22f20 S+Z tpm 1600 st. 3,4 (DE)",Lycra 44 162C,22f20 parallelo PA 66,1600,16500,"0,57","0,78",3 x 9 gg  (646),3,216,,517,310,2,1,16,,,
X19-4492S+ZN2,"Ro44/44f10 S+Z tpm 900 st. 3,6 (DG)",Roica 44 B845,44f10 test. S  PA 6 nero,900,14300,"1,36","1,03",6 x 3gg + 19 h (544),6,"90,67",,560,390,2,1,,,,
X19-4492SN2,"Ro44/44f10 S tpm 900 st. 3,6 (DG)",Roica 44 B845,44f10 test. S  PA 6 nero,900,14300,"1,36","1,03",6 x 3gg + 19 h (544),6,"90,67",,560,390,2,,,,,
X20-13002DN-W012,"Ly130/167f48 tpm 800 st. 4,15 (EBF)",Lycra 130 902C,167f48 PES tinto filo bianco ottico,780,7500,"4,79","2,64",9 x 1 gg + 20 h (400),9,44,,1046,790,,44,,,,
X20-13004DN,"Ly130/44f13x2 dc tpm 1000 st. 4,2 (EC)",Lycra 130 902C,44f13x2 test. PA 66 vari colori,1000,13500,"2,32","2,44",9 x 2 gg (432),9,48,,1046,380,,44,,,,
X20-13004DN-E80,"Ly130/44f13x2 dc tpm 1000 st. 4,2 (EC)",Lycra 130 902C,44f13x2 test. PA 66 CHERRY,1000,13500,"2,32","2,44",9 x 2 gg (432),9,48,,1046,380,,44,,,,
X20-20015DN,"Ly200/78f18  dc tpm 1000 st. 4,2 (EC)",Lycra 200 902C,78f18 test. Z PA 6 nero,950,12000,"2,07","3,39",3 x 3 gg + 19 h (274),3,"91,33",,922,540,,44,,,,
X20-2001S+ZN,"Ly20/16f10 S+Z  tpm 1350 st. 3,0 (DA)",Lycra 20 77FF,16f10 parallelo PA 66,1310,19300,"0,53","0,6",2 x 8 gg + 22 h (428),2,214,,258,315,36,17,,,,
X20-2219V2S+ZF,"K 22-11f5 riciclato S+Z tpm 1900 st. 2,8",Mobilon 22 K,11f5 par recy. 60% PA 66,1810,19800,"0,33","0,54",2 x 16 gg + 22 h  (811),2,405,,440,310,36,17,14,,,
X20-2219V2ZF,"K 22-11f5 riciclato Z tpm 1900 st. 2,8",Mobilon 22 K,11f5 par. PA 66 recy 60%,1810,19800,"0,33","0,54",2 x 16 gg + 22 h  (811),2,406,,440,,,17,14,,,
X20-2219ZF1,"K22/11f7 recy 50 S+Z  tpm 1900 st. 2,8 (CI)",Mobilon 22 K,11f7 par. PA 66 recy 50%,1810,19700,"0,32","0,53",2 x 16 gg + 21 h (810),2,405,,440,295,,17,14,,,
X20-2219ZF1 11gg,"K22/11f7 recy 50 S+Z  tpm 1900 st. 2,8 (CI)",Mobilon 22 K,11f7 par. PA 66 recy 50%,1810,19700,"0,32","0,53",3 x 11 gg + 3 h (810),3,270,,440,200,,17,14,,,
X20-2222DN2,"KLC22 nero/11f7 recy nero dc tpm 2000 st. 2,9 (CL)",Mobilon 22 KLC nero,11f7 par. PA 66 recy 50% nero,1950,21000,"0,25","0,52",2 x 17 gg + 20 h (856),2,428,,,,,4,,,,
X20-2222DN2 mini,"KLC22 nero/11f7 recy nero dc tpm 2000 st. 2,9 (CL)",Mobilon 22 KLC nero,11f7 par. PA 66 recy 50% nero minispole,1950,21000,"0,25","0,52",2 x 17 gg + 20 h (856),2,428,,,316,,4,,,,
X20-2226S+ZN,"Ro22/22f20 S+Z tpm 1200 st. 3,2 (DC)",Roica 22 R84D,22f20 par. recy 50%  PA 66,1200,17500,"0,67","0,6",3 x 6 gg + 22 h (496),3,"165,33",,315,335,2,1,,,,
X20-2236S+ZN,"KL22/10f16 S+Z tpm 1400 st. 2,75 (CHF)",Mobilon 22 KL,10f16 parallelo PA 66 meryl elite,1400,18400,"0,38","0,65",2 x 12 gg + 19 h (615),2,"307,5",,435,275,36,17,,,,
X21-1298S+ZN,"Ly12/8f5 S+Z tpm 1600 stiro 2,8 (CI)",Lycra 12 777F,8f5 parallelo PA 66,1600,20400,"0,26","0,33",2 x 15 gg + 21 h (762),2,380,,250,270,36,17,,,,
X21-1299S+ZN,"Ly12/22f20 S+Z tpm 1200 stiro 2,75 (CHF)",Lycra 12 777F,22f20 test. Amni soul PA 66,1100,16300,"0,62","0,38",4 x 6 gg + 21 h (661),4,"165,25",,250,340,12,11,,,,
X21-13093V2DN,"Ly130/44f13x2/78f24x2  dc tpm 780 st. 4,15 (EBF)",Lycra 130 902C,44f13x2- 78f24x2 PA 66,780,14000,"3,87","3,28",13 x 1 gg + 1 h (321),13,"24,69",,1046,,,44,,,,
X21-13097DN,"Ro130/44f13 dc tpm 1150 stiro 4,2 (EC)",Roica 130 HS-C701,44f13 test. S PA 66,1150,18000,"1,57","2,83",2 x 3 gg + 22 h (187),2,"93,5",,530,445,,44,,,,
X21-13097DN-VARI COL,"Ro130/44f13 dc tpm 1150 stiro 4,2 (EC)",Roica 130 HS-C701,44f13 test. S PA 66 colori vari,1150,18000,"1,57","2,83",2 x 3 gg + 22 h (187),2,"93,5",,530,445,,44,,,,
X21-15696V7DN,"Ly 156/13f5 dc tpm 2000 stiro 3,15 (DBF)",Lycra 156 162C,13f5 parallelo PA 66,1850,18000,"0,48","2,29",2 x 9 gg   (429),2,"214,5",,1063,180,,33,,,,
X21-15696V8DN,"Ly 156/13f5 dc tpm 2000 stiro 3,7 (DH)",Lycra 156 162C,13f5 parallelo PA 66,1850,18500,"0,53","2,41",1 x 18 gg (432),2,429,2,1063,370,,33,,,,
X21-15699DF,"Ly156/11f5 miracosmo DC tpm 1900 stiro 3,64 (DEG)",Lycra 156 162C,11f5 miracosmo PA 6,1900,19000,"0,51","2,52",2 x 8 gg + 19 h (422),2,211,,1063,155,,33,18,,,
X21-1796ZN,"K17/8f5 Z tpm 750 st. 3,3 (DD)",Mobilon 17 K,8f5 miracosmo PA 6,750,17500,"0,48","0,72",3 x 6 gg + 20 h (492),3,164,,355,,,RD,,,,
X21-20094V2DN,"Ly200/44f13x2/78f24x2  dc tpm 780 st. 4,15 (EBF)",Lycra 200 902C,44f13x2- 78f24x2 PA 66,780,14000,"4,15","4,85",8 x 1 gg (190),8,"23,75",,922,,,44,,,,
X21-20098DN,"Ro200/44f13 DC tpm 1150 st. 4,2 (EC)",Roica 200 HS-C701,44f13 test. S PA 66,1150,18000,"1,82","4,2",3 x 3 gg + 7 h (238),3,"79,33",,1000,400,,44,,,,
X21-20098DN-VARI COL,"Ro200/44f13 DC tpm 1150 st. 4,2 (EC)",Roica 200 HS-C701,44f13 test. S PA 66 colori vari,1150,18000,"1,82","4,2",3 x 3 gg + 7 h (238),3,"79,33",,1000,400,,44,,,,
X21-20099DN1,"Ly 200/22f7 dc tpm 1500 st. 4,6 (EG)",Lycra 200 902C,22f7 test. S PA66,1450,19500,"0,99","3,28",2 x 5 gg + 20 h (278),2,139,,922,315,,61-2,,,,
X21-20099DN2,"Ly200/22f10 DC tpm 1500 st. 4,6 (EG)",Lycra 200 902C,22f10 test. S nero PA 66,1450,19500,"0,99","3,28",2 x 5 gg + 21 h (281),2,"140,5",,922,315,,61-2,,,,
X21-2099S+ZN mini,"Ly 20/13f10 S+Z tpm 1900 st. 2,8 (CI)",Lycra 20 188C,13f10 parallelo PA 66 minispole,1810,20800,"0,37","0,51",2 x 10 gg + 20 h  (521),2,260,,268,250,36,17,,,,
X21-2268DN,"K 22/11f7 dc tpm 2000 st. 2,9 (CL)",Mobilon 22 K,11f7 par. PA 66 recy 50%,1950,20800,"0,25","0,51",2 x 17 gg + 23 h (861),2,"430,5",,440,330,,29,,,,
X21-2268DN minispole,"K 22/11f7 dc tpm 2000 st. 2,9 (CL)",Mobilon 22 K,11f7 par. PA 66 recy 50% minispole,1950,20800,"0,25","0,51",2 x 17 gg + 23 h (861),2,"430,5",,440,330,,29,,,,
X21-2273ZF2,"K22/11f7 recy 50 S+Z  tpm 1900 st. 2,8 (CI)",Mobilon 22 KLC,11f7 par. PA 66 recy 50% nero,1810,19700,"0,32","0,53",2 x 16 gg + 21 h (810),2,405,,435,295,,17,14,,,
X21-2273ZF2 11 gg,"K22/11f7 recy 50 S+Z  tpm 1900 st. 2,8 (CI)",Mobilon 22 KLC,11f7 par. PA 66 recy 50% nero,1810,21000,"0,34","0,57",3 x 10 gg + 13 h (760),3,253,,435,200,,17,14,,,
X21-2273ZF2 21000,"K22/11f7 recy 50 S+Z  tpm 1900 st. 2,8 (CI)",Mobilon 22 KLC,11f7 par. PA 66 recy 50% nero,1810,21000,"0,34","0,57",2 x 15 gg + 20 h (760),2,380,,435,295,,17,14,,,
X21-2274S+ZN,"Ly22/8f5 S+Z tpm 2500 st. 3,6",Lycra 22 16AL,8f5 parallelo PA 66,2380,21000,"0,19","0,31",2 x 20 gg + 22 h (1004),2,502,,320,225,36,17,,,,
X21-2275S+ZN,"Cr22/22f7 S + Z tmp 1550 st. 3,2 GRS (DC)",Creora 22 H350,22f7 par. recy. 100% PA 6,1550,20200,"0,59","0,51",5 x 8 gg + 22 h (1072),5,214,,550,,39,3,,,,
X21-2276S+ZN,"Ro22/22f20 S + Z tpm1200 st. 3,0 (DA)",Roica 22 V550,22f20 amnisoul eco S + Z PA 66,1200,16000,"0,61","0,55",3 x 6 gg + 22 h (496),3,166,,,,,,,,,
X21-2278V4DN,"K 22-11f8 dc tpm 2100 st. 2,5 (CF)",Mobilon 22 K,1f8 miracosmo recy 83% PA 6,2100,20500,"0,24","0,54",2 x 16 gg + 22 h  (812),2,406,,440,275,,MIC,,,,
X21-2279S+ZN,"Cr22/44f30 S+Z tpm 600 st. 3,2 (DC)",Creora 22 H350,44f30 test. S+Z PA 66,600,12700,"1,77","0,86",5 x 4 gg + 20 h (580),5,116,,550,0,,,,,,
X21-2283S-ZN1,"Cr 22/44f34 s-z tpm 1000 st. 3,20 (DC)",Creora 22 H350,44f34 test s-z yees green recy. 100%  PA 6,900,15500,"1,39","0,77",8 x 3 gg + 10 h (656),8,82,,550,385,16,23,,,,
X21-2283S-ZN1,"Cr22/44f34 s-z tpm 1000 st. 3,20 (DC)",Creora 22 H350,44f34 test S+Z YEES GREEN PA 6,1000,15500,"1,67","0,77",8 x 3 gg + 10 h (657),8,"82,13",,550,385,16,23,,,,
X21-2283ZN,"Cr22/44f34 Z tpm 1000 st. 3,2 (DC)",Creora 22 H350,44f34 test. Z PA 6 GRS,1000,15500,"1,4","0,77",8 x 3 gg + 10 h (657),8,"82,13",,550,385,,23,,,,
X21-2284V2DN,"Ly22/8f5 dc tpm 2100 st. 3,4 (DE)",Lycra 22 16AL,8f5 riciclato 25% parallelo PA 66,2118,20200,"0,19","0,35",2x18 gg + 21 h (906),2,453,,320,,,29,,,,
X21-2286DN,"Ro22/78f70x2 DC tpm 700 st. 3,0 (DA)",Roica 22 B845,78f70x2 test. PA 6,700,11800,"4,34","0,75",15 x 1 gg + 21 h (676),15,"45,07",,510,750,,RD,,,,
X21-2291S+ZF,"K22/44f48 S tpm 600 st. 2,9 (CL)",Mobilon 22 K,44f48 test. Z  hydro recy. 50%  PA 66,580,14000,2,"1,13",8 x 1 gg + 23 h (379),8,"47,38",,440,370,16,23,10,,,
X21-2291SF,"K22/44f48 Z tpm 600 st. 2,9 (CL)",Mobilon 22 K,44f48 test. Z PA 66,580,15500,"2,28","1,25",7 x 2 gg + 2 h (350),7,50,,440,370,16,,10,,,
X21-2291ZF,"K22/44f48 S+Z tpm 600 st. 2,9 (CL)",Mobilon 22 K,44f48 test. S+Z  hydro recy. 50%  PA 66,580,14000,2,"1,13",8 x 1 gg + 23 h (379),8,"47,38",,440,370,,23,10,,,
X21-2291ZN,"K22/44f48 S tpm 600 st. 2,9 (CL)",Mobilon 22 K,44f48 test. Z  recy. 50%  PA 66,580,14000,2,"1,13",8 x 1 gg + 23 h (379),8,"47,38",,440,370,,23,,,,
X21-2297V2ZN1,"Cr22/78f24 Z tpm 600 st. 3,4 (DE)",Creora 22 C-100,78f24 test. S PA 6,600,13000,"2,96","0,73",8 x 2 gg + 20 h (544),8,68,,400,,,23,,,,
X21-2298ZN,"Cr22/83f144 Z tpm 800 st. 3,2 (DC)",Creora 22 H350,84f144 test. PES,800,12500,"2,27","0,61",20 x 1 gg + 23 h (931),20,"46,55",,550,640,,23,,,,
X21-23599V2DN,"Ly235/44f13x2/78f24x2  dc tpm 780 st. 4,15 (EBF)",Lycra 200 902C,44f13x2- 78f24x2 PA 66,780,14000,"4,33","6,3",7 x 22 h (157),7,"22,42",,922,,,40,,,,
X21-39599V6DN,"Ly395/78f24x2 dc tpm 700 st. 4,6 (EG)",Lycra 395 902C,78f24x2 test. PA 6,700,10800,"5,37","8,23",3 x 1 gg + 14 h (116),3,"40,08",,,685,,40,,,,
X21-39599V7DN0332,"Ly395/78f34x2 dc tpm 700 st. 4,6 (EG) Blu",Lycra 395 902C,78f34x2 test.  PA 66 Blue,700,10800,"5,37","7,94",3 x 1 gg + 14 h (116) /2,3,"40,08",2,,685,,40,,,,
X21-39599V7DN0333,"Ly395/78f34x2 dc tpm 700 st. 4,6 (EG) Grey",Lycra 395 902C,78f34x2 test. PA 66 Grey,700,10800,"5,37","7,94",3 x 1 gg + 14 h (116) /2,3,"40,08",2,,685,,40,,,,
X21-4480S+ZN,"Cr 44/22f7 S+Z tpm 1550 st. 3,2 (DC)",Creora 44 H350,22f7 test. S+Z yees green PA 66,1550,19200,"0,71","0,96",3 x 8 gg (576),3,192,,550,326,9,32,,,,
X21-4480SN,"Cr 44/22f7 S+Z tpm 1550 st. 3,2 (DC)",Creora 44 H350,22f7 test. S+Z yees green PA 66,1550,19200,"0,71","0,96",3 x 8 gg (576),3,192,,550,330,9,,,,,
X21-4480ZN,"Cr 44/22f7 S+Z tpm 1550 st. 3,2 (DC)",Creora 44 H350,22f7 test. S+Z yees green PA 66,1550,19200,"0,71","0,96",3 x 8 gg (576),3,192,,550,330,,32,,,,
X21-4481DN,"Ly 44/11f7 dc tpm 1750 st. 3,8 (DI)",Lycra 44 162C,11f7 poy PA 66,1750,21000,"0,33","0,86",2 x 12 gg + 10 h  (596),2,298,,517,265,,14,,,,
X21-4489V2S+ZN2,"Ly44/44f34 S+ Z tpm 750 st. 3,0 (DA)",Lycra 44 162C,44f34 test. S+Z  PA 66 nero,750,15500,"1,93","1,78",4 x 3 gg (290),4,"72,5",,517,445,22,41,,,,
X21-4489V3S+ZN,"Lycra 44/44f34 S+Z tpm 750 st. 3,0 (DA)",Lycra 44 162C,44f34 test. S+Z PA 6,750,16300,"2,01","1,82",4 x 2 gg + 23 h  (284),4,71,,517,430,22,41,,,,
X21-4489V3SN,"Lycra 44/44f34 S+Z tpm 750 st. 3,0 (DA)",Lycra 44 162C,44f34 test. S+Z PA 6,750,16300,"2,01","1,82",4 x 2 gg + 23 h  (284),4,71,,517,430,22,,,,,
X21-4489V3ZN,"Lycra 44/44f34 S+Z tpm 750 st. 3,0 (DA)",Lycra 44 162C,44f34 test. S+Z PA 6,750,16300,"2,01","1,82",4 x 2 gg + 23 h  (284),4,71,,517,430,,41,,,,
X21-4493ZN,"Cr44/44f34 Z tpm 2000 st. 3,2 (DC)",Creora 44 H350,44f34 test. Z PA 6 GRS,2000,21000,"0,58","0,85",8 x 3 gg + 4 h (609),8,"76,13",,550,110,,41,,,,
X21-4494ZN,"Ly44/17f3  Z tpm 2200 st. 3,6 (DG)",Lycra 44 162C,17f3 parallelo GRS PA 6,2200,21000,"0,45","0,7",3 x 7 gg + 22 h (571),3,"190,33",,517,205,,31,,,,
X21-4495ZN,"Cr44/17f5 Z tpm 2200 st. 3,6 (DG)",Creora 44 H350,17f5 test. Z GRS PA 6,2090,21000,"0,45","0,7",3 x 9 gg + 22 h (714),3,238,,550,260,,32,,,,
X21-4496S+ZN,"Ly44/44f34 S+Z tpm 650 st. 3,4 (DE)",Lycra 44 162C,44f34 test. S+Z PA 66,650,12500,"1,74","1,46",3 x 4 gg + 22 h (353),3,"117,67",,517,630,22,41,,,,
X21-4499SN1,"K44/13f10 S tpm 1800 st.2,8",Mobilon 44 K,13f10 parallelo PA 66,1800,20200,"0,54","1,11",2 x 10 gg + 23 h (479),2,"239,5",,526,245,9,,,,,
X21-62098DN,"Cr620/78f18 dc tpm 800 st. 5,2 (FC)",Creora 620 H300,78f18 test. Z PA 6,740,11600,"3,6","11,39",1 x 4 gg + 1 h (97),1,97,,1100,815,,40,,,,
X21-7892ZN,"Ly78/167f48 Z TPM 700 st. 3,3 (DD)",Lycra 78 162C,Pes 167f48 test. PES,700,11000,"4,7","2,08",6 x 1 gg + 18 H (254),6,"42,33",,530,690,,25,,,,
X22-0003DN,Mb35-33f12 dc tpm 1000,"Molibdeno gold plated 0,035 mm",PVA 33f12,1000,6000,"0,79","3,78",1 X 8 h (8),1,8,,,11,,RD,,,,
X22-1703DN,"K 17/8f5 dc tpm 3000 st. 2,8 (CI)	Mobilon 17 tipo K	0,273	8f5 parallelo	290	2 x 27 gg (1299)	1	N				",Mobilon 17 K,8f5 parallelo PA 66,3000,21000,"0,15","0,27",2 x 27 gg (1299),2,649,,355,290,,4,,,,
X22-1703DN minispole,"K 17/8f5 dc tpm 3000 st. 2,8 (CI)	Mobilon 17 tipo K	0,273	8f5 parallelo	290	2 x 27 gg (1299)	1	N				",Mobilon 17 K,8f5 parallelo PA 66 minispole,3000,21000,"0,14","0,27",2 x 27 gg (1299),2,649,,355,290,,4,,,,
X22-2005V2ZN vari co,"Ly 20/22f7x2 Z tpm 900 st. 2,9 (CL)",Lycra 20 77FF,22f7x2 test.PA 66 vari colori,900,16000,"1,5","0,75",5 x 2 gg + 21 h (347),2,69,,258,,,23,,,,
X22-2005V2ZN1,"Ly 20/22f7x2 Z tpm 900 st. 2,9 (CL)",Lycra 20 77FF,22f7x2 test. PA 66,900,16000,"1,5","0,75",5 x 2 gg + 21 h (347),2,69,,258,,,23,,,,
X22-2005V2ZN2100,"Ly 20/22f7x2 Z tpm 900 st. 2,9 (CL)",Lycra 20 77FF,22f7x2 test.PA 66 rohweiss,900,16000,"1,5","0,75",5 x 2 gg + 21 h (347),2,69,,258,,,23,,,,
X22-2005ZNV2-3248,"Ly 20/22f7x2  Z  tpm 900 st. 2,9 (CL)",Lycra 20 77FF,22f7x2 test. PA 66,900,16000,"1,5","0,74",2 x 9 gg + 20 h (473),2,70,,258,,,23,,,,
X22-2202S+ZN,"KL22/11f16 S+Z tpm 1400 st. 2,75 (CHF)",Mobilon 22 KL,11f16 miracosmo PA 6,1400,18400,"0,39","0,65",2 x 13 gg + 20 h (662),2,331,,435,300,36,17,,,,
X22-2203S+ZN,Cr22/78f68 ecocare S+Z tpm 600 st- 3.2 (DC),Creora 22 H350,78f68 S+Z PA 66 ecocare,600,12700,"2,94","0,82",8 x 3 gg (580),8,"72,5",,550,775,16,23,,,,
X22-2209ZN,"Cr22/78f68 Z tpm 600 st. 3,2 (DC)",Creora 22 H350,78f68 S PA 6,640,14000,"2,94","0,86",8 x 3 gg (580),8,"72,5",,550,775,,23,,,,
X22-2211V2ZF,"Ro 22/78f24 Z tpm 450 st. 3,2 (DC)",Roica 22 C805,78f24 test. S PA 6 Renycle,450,13600,"4,12","1,25",9 x 2 gg (439),9,48,,550,725,,MIC,3,,,
X22-2211ZF1,"Ro 22/78f24 Z tpm 450 st. 3,2 (DC)",Roica 22 C805,78f24 test. S  PA 6,450,12500,"3,78","1,15",9 x 2 gg +5h (477),9,53,,550,665,,MIC,3,,,
X22-31002V7DN_1,"Cr310/78f68 dc tpm 1200 st. 2,7(CH)",Creora 310 H300D,78f68 test. S Q-Skin PA 66 blu marine,1200,13500,"2,71","7,86",2 x 3 gg + 20 h (92)/2,2,184,2,1100,630,,18-2,,,,
X22-31002V7DN1018,"Cr310/78f68  dc tpm 1200 st. 2,7  (CH)",Creora 310 H300D,78f68 q-skin  PA 66 blu marino,1200,13500,"2,71","7,86",2 x 3 gg + 20 h (92)/2,2,92,2,1100,620,,18-2,,,,
X22-39503DN,"Ly395/167f36 dc tpm 800 st. 4,15 (EBF)",Lycra 395 902C,167f96 test. S PES Nero,780,11250,"5,59","8,52",3 x 1 gg + 13 h (112),3,37,2,,660,,40,,,,
X22-39503DN490,"Ly395/167f36 dc tpm 800 st. 4,15 (EBF)",Lycra 395 902C,167f96 test. S PES Bianco,780,11250,"5,59","8,52",3 x 1 gg + 13 h (112),3,37,2,,660,,40,,,,
X22-4404ZN,"Cr44/78f24x2 Z tpm 600 st. 3,4 (DE)",Creora 44 H350,78f24x2 test.,600,12000,"5,4","1,46",8 x 1 gg + 23 h (375),8,47,,550,922,,41,,,,
X22-4404ZN2,"Cr44/78f18x2 Z tpm 600 st. 3,4 (DE)",Creora 44 H350,78f18x2 test.  PA 6 nero,600,12000,"5,4","1,46",8 x 1 gg + 23 h (375),8,47,,550,922,,41,,,,
X22-4405S+ZN,"Ro 44/44f34 S+Z tpm 600 st. 3,2 (DC)",Roica 44 D845,44f34 S+Z recy. PA 66,580,12000,"1,94","1,61",3 x 4 gg + 20 h (350),3,"87,5",,580,670,16,23,,,,
X22-4405SN,"Ro 44/44f34 S+Z tpm 600 st. 3,2 (DC)",Roica 44 D845,44f34 S+Z recy. PA 66,580,12000,"1,94","1,61",3 x 4 gg + 20 h (350),3,"87,5",,580,670,16,,,,,
X22-4405ZN,"Ro 44/44f34 S+Z tpm 600 st. 3,2 (DC)",Roica 44 D845,44f34 S+Z recy. PA 66,580,12000,"1,94","1,91",3 x 4 gg + 20 h (350),3,"87,5",,580,670,,23,,,,
X22-4407ZN,"Ly 44/22f7 Z tpm 1400 st. 3,7 (DH)",Lycra 44 162C,22f7 test. S PA66,1360,21000,"1,03","0,8",3 x 7 gg (504),3,168,,517,350,,32,,,,
X22-4408V2DF,"Ly 44/33f34 dc tpm 1150 st. 2,1 (CB)",Lycra 44 162C,33f34 test. S PA 66,1150,14500,"0,83","1,51",4 x 3 gg + 11 h (332),4,83,,517,225,,7,3,,,
X22-4408V2DF/SAND,"Ly 44/33f34 dc tpm 1150 st. 2,1 (CB)",Lycra 44 162C,33f34 test. S PA 66 sand,1150,14500,"0,83","1,55",4 x 3 gg + 11 h (332),4,83,,517,225,,7,3,,,
X22-47001DN/SAND,"Ro 470/33f34 dc  tpm 1030 stiro 5,0 (FA)",Roica 470 HS-C701,33f34 test. S PA 66 sand,1030,16000,2,"8,44",1 x 4 gg + 23 h (119),1,119,,1000,435,,40,,,,
X22-47001DN/SAND 230,"Ro 470/33f34 dc  tpm 1030 stiro 5,0 (FA)",Roica 470 HS-C701,33f34 test. S PA 66 sand,1030,16000,2,"8,44",2 x 2 gg + 12 h (119),2,60,,1000,230,,40,,,,
X22-47001DN/SAND 230,"Ro 470/33f34 dc  tpm 1030 stiro 5,0 (FA)",Roica 470 HS-C701,33f34 test. S PA 66 sand,1030,16000,2,"8,44",2 x 2 gg + 12 h (119),2,60,,1000,230,,40,,,,
X22-62003DN2,"Cr 620/78f18x2 dc tpm 1000 st. 3,6 (DG)",Creora 620 H300,78f18x2 test  PA 6 nero,1000,11500,"45,52","12,07",2 x 1 gg + 21 h (92),2,46,,1100,540,,40,,,,
X22-7801DN,"Ly 78/13f5 dc tpm 2100 stiro 3,2 (DC)",Lycra 78 162C,13f5 parallelo PA 66,2100,20000,"0,39","1,32",1 x 16 gg + 18 h (402) /2,1,402,2,530,355,,33,,,,
X22-7806S+ZN,"Ly 78/44f72 Z tpm 900 st. 4,0 (EA)",Lycra 78 162C,44f72 test PES,850,13000,"1,59","1,9",3 x 3 gg + 21 h (278),3,93,,530,400,RD,RD,,,,
X22-7810S-ZN354,"Ly78/50f42 S+Z tpm 110 st.3,5 (EC)",Lycra 78 162C,50f42 PP S+Z silver,1050,13500,"1,45","1,61",2 x 6 gg + 21 h (330),2,165,,530,675,25,25,,,,
X22-7810S-ZN354 4 ci,"Ly 78/50f42 s+Z tpm 1100 st. 3,5 (EC)",Lycra 78 162C,50f42 PP S+Z silver,1050,13500,"1,45","1,61",4 x 3 gg + 11 h (332),4,83,,530,340,25,25,,,,
X23-1299DN mini,"Ly 12/8f5 dc tpm 2600 st. 2,6 (CG)",Lycra 12 777F,8f5 parallelo PA 66 minispole,2500,20200,"0,13","0,22",2 x 23 gg + 21 h  (1146),2,573,,250,233,,4,,,,
X23-13097V5ZF,"Cr 130/33f20 par Z tpm 900 st. 4,2 (EC)",Creora 130 C810,33f20 parallelo PA 66,800,16000,"1,94","3,59",3 x 3 gg + 21 h  (279),3,93,,,372,,26,21,,,
X23-13097V8ZF,"Cr 130/33f20 par Z tpm 900 st. 4,2 (EC)",Creora 130 C810,33f20 parallelo PA 66,800,13000,"1,6","2,98",3 x 4 gg + 16 h  (335),3,112,,,365,,26,21,,,
X23-13097ZF,"Cr 130/33f20 par Z tpm 900 st. 4,2 (EC)",Creora 130 C810,33f20 parallelo PA 66,855,13500,"1,53","2,83",3 x 4 gg + 22 h  (353),3,118,,,372,,26,21,,,
X23-1399ZN2,"Cr13/44f34 Z tpm 500 st. 2,8 (CI)",Creora 13 H350,44f34 test. S  PA 66 nero,500,14000,"2,13","0,72",6 x 1 gg + 22 h (278),6,46,,200,,,23,,,,
X23-2279ZF,"Ro 22/78f24 Z tpm 400 st. 3,5 (DF)",Roica 22 B835,78f24 S renycle 100% PA 6,400,11300,"3,82","1,07",8 x 1 gg + 23 h (374),8,47,,400,650,,MIC,3,,,
X23-2280S+ZN,"s22/22f7 S + Z tmp 1550 st. 3,2 GRS (DC)",ELASTOMERO 22 spandex,22f7 par. recy. 100% PA 6,1550,21000,"0,6","0,65",5 x 6 gg + 21 h (826),5,165,,500,325,39,3,,,,
X23-2282S+ZN,"s22/22f7 S + Z tmp 1550 st. 3,2 GRS (DC)",ELASTOMERO 22 spandex,22f7 text s+z 100% recy. PA 6,1550,20000,"0,6","0,52",5 x 7 gg + 22 h (950),5,190,,500,355,39,3,,,,
X23-2288S+ZN,"K22/22f10 innergy S+Z tpm 1400 st. 2,75 (CHF)",Mobilon 22 K,22f10 test. S+Z innergy PA 66,1400,19200,"0,66","0,69",3 x 8 gg + 20 h (635),3,212,,440,405,39,3,,,,
X23-2288S+ZN 16000,"K22/22f10 innergy S+Z tpm 1400 st. 2,75 (CHF)",Mobilon 22 K,22f10 test. S+Z innergy PA 66,1400,16000,"0,66","0,69",4 x 7 gg + 22 h (760),4,190,,440,360,39,3,,,,
X23-2288S+ZN 8 giorn,"K22/22f10 innergy S+Z tpm 1400 st. 2,75 (CHF)",Mobilon 22 K,22f10 test. S+Z innergy PA 66,1400,19200,"0,66","0,69",4 x 7 gg + 22 h (760),4,190,,440,360,39,3,,,,
X23-2295S+ZN,"Cr 22/22f10 S+Z ecocare tpm 1550 st. 3,4 (DE)",Creora 22 H350,22f10 S+Z ecocare PA 66,1550,20200,"0,63","0,52",5 x 7 gg + 5 h (948),5,190,,550,370,39,3,,,,
X23-2299V3ZF,"Ro 22/78f24 Z tpm 450 st. 3,5 (DF)",Roica 22 HP-P835,78f24 test. S PA 6,450,12300,"3,7","1,03",8 x 2 gg (386),8,48,,400,650,,MIC,3,,,
X23-2299V5ZF,"Ro 22/78f24 Z tpm 400 st. 3,5 (DF)",Roica 22 B835,78f24 test. S PA 6,400,11300,"3,82","1,07",8 x 1 gg + 23 h (374),8,47,,400,650,,MIC,3,,,
X23-2299ZF,"Ro 22/78f24 Z tpm 450 st. 3,2 (DC)",Roica 22 HP-P835,78f24 test. S PA 6,450,12500,"3,78","1,15",7 x 2 gg + 1 h (347),7,48,,400,677,,MIC,3,,,
X23-31094DN3813,"Ly310/78f68 dc tpm 1500 st. 3,8",Lycra 310 162C,78f68 test. S  PA 66 charcoal,1500,13500,"1,93","4,55",2 x 4 gg + 18 h (230)/2,2,115,2,1046,620,,,,,,
X23-3398V2S+ZN,"Cr 33/44f34 riciclato S+Z tpm 1200 st. 2,8",Creora 33 H350A,44f34 S+Z recy. 60% PA 66,1150,14000,"1,07","0,81",6 x 4 gg + 21 h  (705),6,117,,0,,,,,,,
X23-3399S+ZF,"Ly 33/13f7 S+Z tpm 1750 st. 3,1",Lycra 33 962L,13f7 POY PA 66,1750,19300,"0,43","0,64",3 x 10 gg + 18 h (775),3,258,,0,266,23,21,9,,,
X23-3399SF,"Ly 33/13f7 S+Z tpm 1750 st. 3,1",Lycra 33 962L,13f7 POY PA 66,1750,19300,"0,43","0,64",3 x 10 gg + 18 h (775),3,258,,0,266,20,,9,,,
X23-3399ZF,"Ly 33/13f7 S+Z tpm 1750 st. 3,1",Lycra 33 962L,13f7 POY PA 66,1750,19300,"0,43","0,75",3 x 10 gg + 18 h (775),3,258,,0,266,,21,9,,,
X23-39597DN-114800,"Ly395/167f144 dc tpm 800 st. 4,15 (EBF)",Lycra 395 902C,167f144 PES BIANCO,780,11250,"5,6","8,5",3 x 1 gg + 13 h (112) /2,3,112,2,,660,,40,,,,
X23-39598DN,"Ly 395/78f18x2 dc tpm 1000 st. 3,6 (DG)",Lycra 395 902C,78f18x2 test. PA 6,1000,11500,"3,98","7,83",2 x 2 gg + 22 h (70),2,70,,,820,,40,,,,
X23-39598DN2999,"Ly 395/78f18x2 dc tpm 1000 st. 3,6 (DG) NERO",Lycra 395 902C,78f18x2 test. PA 6,1000,11500,"3,98","7,83",2 x 2 gg + 22 h (70),2,70,,,820,,40,,,,
X23-4489DN,"roica 44/44f13x2/56f34x2 dc tpm 500 st. 2,8 (CI)",Roica 44 C805,44f13x2 test./56f34x2 PA 66,500,11700,"4,06","2,08",5 x 2 gg + 0 h  (240),5,48,,500,625,,7,,,,
X23-4491DF1,"Ly 44/33f34 dc tpm 1150 st. 2,1 (CB)",Lycra 44 162C,33f34 test. S+Z PA 66,1150,14000,"0,9","1,46",3 x 4 gg + 22 h  (353),3,118,,517,320,,7,3,,,
X23-4491DF366,"Ly 44/33f34 dc tpm 1150 st. 2,1 (CB)",Lycra 44 162C,33f34 test. S+Z  PA 66 sand 366,1150,14000,"0,9","1,46",3 x 4 gg + 22 h  (353),3,118,,517,320,,7,3,,,
X23-4493S+ZF,"Ly 44/22f20 S+Z tpm 1600 st. 3,7",Lycra 44 162C,22f20 parallelo PA 66,1570,18500,"0,62","0,8",3 x 8 gg + 23 h  (644),3,215,,517,351,9,32,9,,,
X23-4493SF,"Ly 44/22f20 S+Z tpm 1600 st. 3,7",Lycra 44 162C,22f20 parallelo PA 66,1570,18500,"0,62","0,8",3 x 8 gg + 23 h  (644),3,215,,517,351,9,,9,,,
X23-4493ZF,"Ly 44/22f20 S+Z tpm 1600 st. 3,7",Lycra 44 162C,22f20 parallelo PA 66,1570,18500,"0,62","0,8",3 x 8 gg + 23 h  (644),3,215,,517,351,,32,9,,,
X23-4496V2ZN2,"Ly44/78f70 Z tpm 1000 st. 3,7 (DH)",Lycra 44 162C,78f70 test. S PA 6 nero,1000,13000,"1,86","0,89",5 x 4 gg + 21 h (584),5,117,,517,750,,23,,,,
X23-4496V2ZN2 16000,"Ly44/78f70 Z tpm 1000 st. 3,7 (DH)",Lycra 44 162C,78f70 test. S PA 6 nero,1000,16000,"2,29","1,09",10 x 1 gg + 23 h (474),10,47,,517,375,,23,,,,
X23-4499S+ZN,"Cr 44/44f34 S+Z tpm 900 st. 3,2 (DC)",Creora 44 H350,44f34 S+Z yees green recy. 100% PA 6,870,17500,"1,82","1,56",5 x 2 gg + 22 h (351),5,70,,550,390,,,,,,
X23-47097DN1,"Ro 470/33f34 dc  tpm 1030 stiro 5,0 (FA)",Roica 470 HS-C701,33f34 test. S+Z PA 66,1030,16000,"2,02","8,42",2 X 2 gg + 12 h (119),2,"59,5",,1000,220,,42,,,,
X23-47097DN366,"Ro 470/33f34 dc  tpm 1030 stiro 5,0 (FA)",Roica 470 HS-C701,33f34 test. S+Z  PA 66 sand 366,1030,16000,"2,02","8,42",2 X 2 gg + 12 h (119),2,"59,5",,1000,220,,40,,,,
X23-6198ZN cr.295 gr,Cr 61/44f13 Z tpm 900 st. 4 (EA),Creora 61 H350,44f13 test. S PA 66,855,15400,"1,62","1,68",2 x 3 gg + 19 h (182),2,91,,555,450,,25,,,,
X23-7890DF minispole,"Ly78/11f5 miracosmo DC tpm 1900 stiro 3,64 (DEG)",Lycra 78 162C,11f5 miracosmo PA 6 minispole,1900,19000,"0,34","1,21",2 x 9 gg + 2 h (435),2,217,,530,155,,33,4,,,
X23-7892DN mini,"Ly 78/13f7 dc tpm 1750 st. 3,8 (DI)",Lycra 78 166E,13f7 parallelo PA 66 grs minispole,1650,19800,"0,42","1,38",2 x 9 gg (433),2,"216,5",,600,220,,14,,,,
X23-7896DN2,"Ly78/330f72 dc TPM 900 st. 4,0 (EA)",Lycra 78 162C,330f72 test PES nero,500,8000,"8,74","1,75",13 x 23 h (302),13,23,,530,775,,38,,,,
X23-7897ZN-2310,"Ly 78/44f10 S tpm 900 st.4,0 (EA)",Lycra 78 162C,44f10 test. S  PA 6 cammello,855,12300,"1,43","1,59",2 x 6 gg + 22 h (332),2,166,,530,670,,25,,,,
X23-7899ZN,"Cr 78/44f34 Z tpm 600 st.3,2 (DC)",Creora 78 H350A,44f34 renicle test. S recy.,580,12500,"2,42","2,97",2 x 3 gg + 21 h (185),2,93,,0,600,,25,,,,
X23-8397DN,"XLA 83/60/1 dc tpm 635 st.4,2 (EC)",XLA 83 xla,Nomex 60/1,635,8000,"3,56","1,49",12 x 22 h (268),12,22,,400,295,,57,,,,
X24-1301V2S+ZN mini,"Ly 13/11f8 S+Z tpm 2400 st. 2,9 (CL)",Lycra 13 16LL,11f8 miracosmo recy. 83% PA 6 minispole,2250,20600,"0,22","0,22",4 x 19 gg + 20 h (1905),4,476,,411,305,36,17,,,,
X24-1301V2SN,"Ly 13/11f8 S+Z tpm 2400 st. 2,9 (CL)",Lycra 13 16LL,11f8 miracosmo recy. 83% PA 6 minispole,2250,20600,"0,22","0,22",4 x 19 gg + 20 h (1905),4,476,,411,305,36,,,,,
X24-1301V2ZN1 mini,"Ly 13/11f8 S+Z tpm 2400 st. 2,9 (CL)",Lycra 13 16LL,11f8 miracosmo recy. 83% PA 6 minispole,2250,20600,"0,22","0,22",4 x 19 gg + 20 h (1905),4,476,,411,305,,17,,,,
X24-1301V4S+ZN,"Ly 13/11f8 S+Z tpm 2200 stiro 2,7",Lycra 13 16LL,PA 6 11f8 riciclato,2050,20600,"0,24","0,26",4 x 16 gg + 20 h  (1616),4,404,,411,,36,17,,,,
X24-15601S+Z,"Cr 156/44f40 S+Z tpm 900 st. 3,3 (DD)",Creora 156 H350,44f40 S+Z text. PA 66,900,16800,"2,66","5,19",3 x 2 gg + 23 h (212),3,71,,550,,19,19,,,,
X24-15601S+ZF colora,"Cr 156/44f40 S+Z tpm 900 st. 3,3 (DD)",Creora 156 H350,44f40 S+Z text PA 66 colorato,900,13500,"2,14","4,17",2 x 6 gg (288),2,144,,550,605,19,19,3,,,
X24-15601SF,"Cr 156/44f40 S+Z tpm 900 st. 3,3 (DD)",Creora 156 H350,44f40 S+Z text PA 66 colorato,900,13500,"2,14","4,17",2 x 6 gg (288),2,144,,550,605,19,,3,,,
X24-15601ZF,"Cr 156/44f40 S+Z tpm 900 st. 3,3 (DD)",Creora 156 H350,44f40 S+Z text PA 66 colorato,900,13500,"2,14","4,17",2 x 6 gg (288),2,144,,550,605,,19,3,,,
X24-1701S+ZN,"K 17/8f5 S+Z tpm 2400 stiro 2,9",Mobilon 17 K,8f5 parallelo PA 66,2250,20600,"0,2","0,32",2 x 22 gg + 23 h  (1102),2,551,,355,255,36,17,,,,
X24-2001S+ZN,"Ly 20/8f5 S+Z tpm 1900 st. 2,8 (CI)",Lycra 20 77FF,8f5 parallelo PA 66,1810,20800,"0,28","0,5",2 x 10 gg + 20 h  (520),2,260,,258,150,36,17,,,,
X24-2201S+ZN,"s22/22f7 S + Z tmp 1550 st. 3,2 GRS (DC)",ELASTOMERO 22 spandex,22f7 parallelo PA 66,1550,21000,"0,6","0,65",5 x 6 gg + 21 h (826),5,165,,500,325,39,3,,,,
X24-2202S+Z colorati,"Cr 22/44f40 S+Z tpm 900 st. 3,2 (DC)",Creora 22 H350,44f40 S+Z text PA 66 colorato,900,18000,"1,62","0,79",10 x 2 gg + 22 h (698),10,70,,550,390,16,23,,,,
X24-2212ZF,"Cr 22/44f12 grs tpm 800 st 3,2 (DC)",Creora 22 H350,PA 6.6 44f12 test. S  grs 100%,780,15500,"1,6","0,78",10 x 2 gg + 22 h  (703),10,70,,550,384,,MIC,3,,,
X24-2213ZN2,"Cr22/78f70 Z tpm 1000 st.3,2 (DC)",Creora 22 C-100,78f70 test. S PA 6 nero,960,15500,"2,16","0,58",15 x 1 gg + 22 h  (695),15,46,,400,370,,23,,,,
X24-31001DN366,"Ro 310/33f34 dc  tpm 1030 stiro 5,0 (FA)",Roica 310 HS-C701,33f34 test. S+Z  PA 66 sand 366,1030,16000,"1,63","5,59",2 X 3 gg + 18 h (180),2,90,,1000,325,,42-2,,,,
X24-31201DN2,"Cr 312-167f36 dc tpm 900 st. 4,6",XLA 312,167f36 test. PES nero,900,10000,"3,57","4,52",2 x 1 gg + 20 h  (88),2,44,,,520,,,,,,
X24-39501V2DN-W73,"Ly 395-230 airmax dc  tpm 780 st. 3,95",Lycra 395 902C,230 PES optical yellow airmax,730,12000,"8,28","10,21",8 x 0 gg + 12 h  (94),8,12,,,319,,40,,,,
X24-39501V2DN 718,"Ly 395-230 airmax dc st. 3,95 (DLF)",Lycra 395 902-C,PES 230 laser pink airmax,730,12000,"8,28","10,21",8 x 0 gg + 12 h (94),8,12,,,319,,40,,,,
X24-4401S+ZF2,"Ly 44/50f42x2 S+Z tmp 600 st. 3,2",Lycra 44 162C,50f42x2 PP nero,600,11000,"3,33","1,44",8 x 1 gg + 21 h (358),8,45,,517,520,22,41,9,,,
X24-4401SF,"Ly 44/50f42x2 S+Z tmp 600 st. 3,2",Lycra 44 162C,50f42x2 PP nero,600,11000,"3,33","1,44",8 x 1 gg + 21 h (358),8,45,,517,520,22,,9,,,
X24-4401ZF,"Ly 44/50f42x2 S+Z tmp 600 st. 3,2",Lycra 44 162C,50f42x2 PP nero,600,11000,"3,33","1,44",8 x 1 gg + 21 h (358),8,45,,517,520,,41,9,,,
X24-4403DN,"Ly 44-11f5 dc tpm 1900 st. 3,5 (DF)",Lycra 44 166E RECY,11f5 par recy. 60% PA 66,1900,20800,"0,29","0,81",2 x 16 + 18 h (803),2,401,,,,,14,,,,
X24-7801ZN2,"Ly 78/78f18 Z nero tpm 900 stiro 3,5",Lycra 78 165Z nera,78f18 test. Z PA 6 nero,900,15000,"2,64","2,11",5 x 1 gg + 23 h  (236),5,47,,,487,,25,,,,
X24-7802S+ZN,Cr 78-44f72 S+Z tpm 900 st. 3.4 (DE),Creora 78 H350,44f72 test. S+Z PES,850,12800,"1,59","1,95",3 x 3 gg + 22 h  (282),3,94,,550,400,RD,RD,,,,